,model,p,scenario,startyr,endyr,Tavg,dSdt,model_key,probability_weight
0,ACCESS-CM2,1,SSP126,2016,2050,1.007753063235422,0.002523783813504612,ACCESS-CM2:p1:2016:2050:SSP126,159.47288165674706
1,ACCESS-CM2,1,SSP126,2051,2100,1.7542525015673691,0.0020768560823940093,ACCESS-CM2:p1:2051:2100:SSP126,20.501479256596244
2,ACCESS-CM2,1,SSP245,2016,2050,1.0038668647643287,0.0026089538107900057,ACCESS-CM2:p1:2016:2050:SSP245,250.31671167462267
3,ACCESS-CM2,1,SSP245,2051,2100,2.409167516386219,0.003151545415119249,ACCESS-CM2:p1:2051:2100:SSP245,34.057632276028215
4,ACCESS-CM2,1,SSP585,2016,2050,1.1219557215938305,0.0029687819381554927,ACCESS-CM2:p1:2016:2050:SSP585,311.3927435637021
5,ACCESS-CM2,1,SSP585,2051,2100,3.7146706935006737,0.0052558051891067395,ACCESS-CM2:p1:2051:2100:SSP585,58.76697457011899
6,ACCESS-CM2,1,historical,1850,1900,-0.6174942650132493,0.00015554718673229217,ACCESS-CM2:p1:1850:1900:historical,58.76697457011899
7,ACCESS-CM2,1,historical,1900,1950,-0.5883046245950823,8.3821602165699e-05,ACCESS-CM2:p1:1900:1950:historical,58.76697457011899
8,ACCESS-CM2,1,historical,1950,2000,-0.4431638287017563,0.000325113944709301,ACCESS-CM2:p1:1950:2000:historical,58.76697457011899
9,ACCESS-CM2,1,historical,1992,2014,-0.06592813735750269,0.0012891365384513679,ACCESS-CM2:p1:1992:2014:historical,58.76697457011899
10,ACCESS-ESM1-5,1,SSP126,2016,2050,0.8320337002592169,0.0020253298913731296,ACCESS-ESM1-5:p1:2016:2050:SSP126,473.03998278833785
11,ACCESS-ESM1-5,1,SSP126,2051,2100,1.3087303572483695,0.0015134228025974873,ACCESS-ESM1-5:p1:2051:2100:SSP126,162.49727746596898
12,ACCESS-ESM1-5,1,SSP245,2016,2050,0.8905466953550748,0.002295799480349409,ACCESS-ESM1-5:p1:2016:2050:SSP245,476.49795863904563
13,ACCESS-ESM1-5,1,SSP245,2051,2100,1.988482685016417,0.002659665838796265,ACCESS-ESM1-5:p1:2051:2100:SSP245,143.7526828974587
14,ACCESS-ESM1-5,1,SSP585,2016,2050,1.0173077338419223,0.00257165437819911,ACCESS-ESM1-5:p1:2016:2050:SSP585,506.22674235757995
15,ACCESS-ESM1-5,1,SSP585,2051,2100,3.138318527873556,0.004444079131496196,ACCESS-ESM1-5:p1:2051:2100:SSP585,155.33219936777928
16,ACCESS-ESM1-5,1,historical,1850,1900,-0.8089585373724617,0.0003439423441886902,ACCESS-ESM1-5:p1:1850:1900:historical,155.33219936777928
17,ACCESS-ESM1-5,1,historical,1900,1950,-0.7805070901945328,0.00045613609254360196,ACCESS-ESM1-5:p1:1900:1950:historical,155.33219936777928
18,ACCESS-ESM1-5,1,historical,1950,2000,-0.6963045573700128,0.0007954915612936019,ACCESS-ESM1-5:p1:1950:2000:historical,155.33219936777928
19,ACCESS-ESM1-5,1,historical,1992,2014,-0.09485506484247708,0.0015342018821022727,ACCESS-ESM1-5:p1:1992:2014:historical,155.33219936777928
20,BCC-CSM2-MR,1,SSP126,2016,2050,0.6934293709054486,0.0012781479779411765,BCC-CSM2-MR:p1:2016:2050:SSP126,771.9338635394749
21,BCC-CSM2-MR,1,SSP245,2016,2050,0.7684900045579184,0.0015827254118288266,BCC-CSM2-MR:p1:2016:2050:SSP245,743.3757210458879
22,BCC-CSM2-MR,1,SSP585,2016,2050,0.9584607284863296,0.001604267122114406,BCC-CSM2-MR:p1:2016:2050:SSP585,621.0348065074159
23,BCC-CSM2-MR,1,historical,1850,1900,-0.8482027151641015,0.0002788382644454638,BCC-CSM2-MR:p1:1850:1900:historical,0.0
24,BCC-CSM2-MR,1,historical,1900,1950,-0.8158665030333813,0.0004493543381492297,BCC-CSM2-MR:p1:1900:1950:historical,0.0
25,BCC-CSM2-MR,1,historical,1950,2000,-0.5564195519404885,0.0006579589905838171,BCC-CSM2-MR:p1:1950:2000:historical,0.0
26,BCC-CSM2-MR,1,historical,1992,2014,-0.06701995050334138,0.0016060260999383347,BCC-CSM2-MR:p1:1992:2014:historical,0.0
27,BCC-ESM1,1,historical,1850,1900,-0.5021565861075411,0.000148654505610466,BCC-ESM1:p1:1850:1900:historical,0.0
28,BCC-ESM1,1,historical,1900,1950,-0.45097867886246,0.00030002168069283167,BCC-ESM1:p1:1900:1950:historical,0.0
29,BCC-ESM1,1,historical,1950,2000,-0.5259900301274077,0.0003624132089316845,BCC-ESM1:p1:1950:2000:historical,0.0
30,BCC-ESM1,1,historical,1992,2014,-0.0712210049867205,0.0013375330264821198,BCC-ESM1:p1:1992:2014:historical,0.0
31,CAMS-CSM1-0,1,SSP126,2016,2050,0.4240932620604667,0.0018226773861576527,CAMS-CSM1-0:p1:2016:2050:SSP126,697.0939322770371
32,CAMS-CSM1-0,1,SSP126,2051,2100,0.6834955429736738,0.0015167443423855062,CAMS-CSM1-0:p1:2051:2100:SSP126,655.6843000549611
33,CAMS-CSM1-0,1,SSP245,2016,2050,0.4739189933911518,0.001961502356126028,CAMS-CSM1-0:p1:2016:2050:SSP245,673.574006215542
34,CAMS-CSM1-0,1,SSP245,2051,2100,1.193917987709597,0.002976605782703477,CAMS-CSM1-0:p1:2051:2100:SSP245,504.94624352357283
35,CAMS-CSM1-0,1,SSP585,2016,2050,0.5451906525502181,0.0023824654190855873,CAMS-CSM1-0:p1:2016:2050:SSP585,508.82030330326774
36,CAMS-CSM1-0,1,SSP585,2051,2100,1.8830276698106445,0.006055351422757519,CAMS-CSM1-0:p1:2051:2100:SSP585,194.18282077391234
37,CAMS-CSM1-0,1,historical,1850,1900,-0.6542680539902221,0.0001506643369793892,CAMS-CSM1-0:p1:1850:1900:historical,194.18282077391234
38,CAMS-CSM1-0,1,historical,1900,1950,-0.5208677634325339,0.000144856758415699,CAMS-CSM1-0:p1:1900:1950:historical,194.18282077391234
39,CAMS-CSM1-0,1,historical,1950,2000,-0.3272691527319012,0.00044392902404069904,CAMS-CSM1-0:p1:1950:2000:historical,194.18282077391234
40,CAMS-CSM1-0,1,historical,1992,2014,-0.04888084546018945,0.0019263066351413727,CAMS-CSM1-0:p1:1992:2014:historical,194.18282077391234
41,CESM2,1,historical,1850,1900,-0.8784303445675163,0.00024023437872529034,CESM2:p1:1850:1900:historical,0.0
42,CESM2,1,historical,1900,1950,-0.7586826913190521,0.0003093261830508709,CESM2:p1:1900:1950:historical,0.0
43,CESM2,1,historical,1950,2000,-0.5821036945145466,0.0004499511644244193,CESM2:p1:1950:2000:historical,0.0
44,CESM2,1,historical,1992,2014,-0.06491576909189689,0.0015639796514402735,CESM2:p1:1992:2014:historical,0.0
45,CESM2-WACCM,1,SSP245,2016,2050,0.7201008996327687,0.003881117876838235,CESM2-WACCM:p1:2016:2050:SSP245,821.918893171079
46,CESM2-WACCM,1,SSP245,2051,2100,1.9375974559903284,0.0044435256597947104,CESM2-WACCM:p1:2051:2100:SSP245,166.44170807842676
47,CESM2-WACCM,1,SSP585,2016,2050,1.0016669802136562,0.003960703225696788,CESM2-WACCM:p1:2016:2050:SSP585,537.1944145902805
48,CESM2-WACCM,1,SSP585,2051,2100,3.510769537195017,0.007423867984693877,CESM2-WACCM:p1:2051:2100:SSP585,76.62017339531053
49,CIESM,1,SSP245,2016,2050,1.007616937178739,0.0019626992152017705,CIESM:p1:2016:2050:SSP245,244.1678951584361
50,CIESM,1,SSP245,2051,2100,2.130034080540838,0.0026016752330624325,CIESM:p1:2051:2100:SSP245,94.24183106341269
51,CIESM,1,SSP585,2016,2050,0.9812230355915404,0.002330705085221459,CIESM:p1:2016:2050:SSP585,577.3800958674967
52,CIESM,1,SSP585,2051,2100,3.8513925991128986,0.00420685811918609,CIESM:p1:2051:2100:SSP585,49.50587982769055
53,CIESM,1,historical,1850,1900,-1.209504024469254,0.0004305383563041687,CIESM:p1:1850:1900:historical,49.50587982769055
54,CIESM,1,historical,1900,1950,-0.9317298020798148,0.0007145182043313981,CIESM:p1:1900:1950:historical,49.50587982769055
55,CIESM,1,historical,1950,2000,-0.5067673330003686,0.000763346329331398,CIESM:p1:1950:2000:historical,49.50587982769055
56,CIESM,1,historical,1992,2014,-0.06408262355142824,0.001854174177755009,CIESM:p1:1992:2014:historical,49.50587982769055
57,CMCC-CM2-SR5,1,SSP126,2016,2050,0.7288889457737469,0.002112893497242647,CMCC-CM2-SR5:p1:2016:2050:SSP126,703.9974111906471
58,CMCC-CM2-SR5,1,SSP126,2051,2100,1.566787788612885,0.0018746513797312367,CMCC-CM2-SR5:p1:2051:2100:SSP126,53.127253347514994
59,CMCC-CM2-SR5,1,SSP245,2016,2050,0.6999136383324185,0.0020542519495767705,CMCC-CM2-SR5:p1:2016:2050:SSP245,845.8817222451214
60,CMCC-CM2-SR5,1,SSP245,2051,2100,2.1256501261262883,0.002603751664258996,CMCC-CM2-SR5:p1:2051:2100:SSP245,95.55053395880452
61,CMCC-CM2-SR5,1,SSP585,2016,2050,0.9054922689683168,0.00254492658902617,CMCC-CM2-SR5:p1:2016:2050:SSP585,713.1889386946705
62,CMCC-CM2-SR5,1,SSP585,2051,2100,3.2846455086901187,0.00430775296931364,CMCC-CM2-SR5:p1:2051:2100:SSP585,114.03990180883473
63,CMCC-CM2-SR5,1,historical,1850,1900,-1.1084295897591687,0.00038907140493392943,CMCC-CM2-SR5:p1:1850:1900:historical,114.03990180883473
64,CMCC-CM2-SR5,1,historical,1900,1950,-0.9934243699227068,0.0006591796875,CMCC-CM2-SR5:p1:1900:1950:historical,114.03990180883473
65,CMCC-CM2-SR5,1,historical,1950,2000,-0.6241865746335975,0.000814208984375,CMCC-CM2-SR5:p1:1950:2000:historical,114.03990180883473
66,CMCC-CM2-SR5,1,historical,1992,2014,-0.08586229979613336,0.0017579973421313546,CMCC-CM2-SR5:p1:1992:2014:historical,114.03990180883473
67,CMCC-ESM2,1,SSP126,2016,2050,0.5814902538688784,0.0019058526000555825,CMCC-ESM2:p1:2016:2050:SSP126,882.0763639706814
68,CMCC-ESM2,1,SSP126,2051,2100,1.6773851891598497,0.001363948899872449,CMCC-ESM2:p1:2051:2100:SSP126,31.2851917513972
69,CMCC-ESM2,1,SSP245,2016,2050,0.6246699132338449,0.0020979338270776414,CMCC-ESM2:p1:2016:2050:SSP245,878.1277184152472
70,CMCC-ESM2,1,SSP245,2051,2100,2.194433167284501,0.002516558431849188,CMCC-ESM2:p1:2051:2100:SSP245,76.34791995756244
71,CNRM-ESM2-1,1,historical,1850,1900,-0.5359357678573815,2.1676737815141682e-05,CNRM-ESM2-1:p1:1850:1900:historical,0.0
72,CNRM-ESM2-1,1,historical,1900,1950,-0.550837685287604,-3.946940414607525e-05,CNRM-ESM2-1:p1:1900:1950:historical,0.0
73,CNRM-ESM2-1,1,historical,1950,2000,-0.5372831124564073,-0.00013142904266715048,CNRM-ESM2-1:p1:1950:2000:historical,0.0
74,CNRM-ESM2-1,1,historical,1992,2014,-0.042780455790136784,0.0009811863472515886,CNRM-ESM2-1:p1:1992:2014:historical,0.0
75,CanESM5,1,SSP126,2016,2050,1.0494882536819374,0.0022464527803308823,CanESM5:p1:2016:2050:SSP126,114.87950237096861
76,CanESM5,1,SSP126,2051,2100,1.5950495773514777,0.0014799987479132044,CanESM5:p1:2051:2100:SSP126,46.69689107250321
77,CanESM5,1,SSP245,2016,2050,1.194976259823011,0.0025289497831288504,CanESM5:p1:2016:2050:SSP245,54.21004034280366
78,CanESM5,1,SSP245,2051,2100,2.601528119885387,0.002864126556990098,CanESM5:p1:2051:2100:SSP245,15.499761589748443
79,CanESM5,1,SSP585,2016,2050,1.4087315429360387,0.0030700084844640656,CanESM5:p1:2016:2050:SSP585,42.27714003325267
80,CanESM5,1,SSP585,2051,2100,4.509516739885356,0.006048431810067625,CanESM5:p1:2051:2100:SSP585,7.859861673429532
81,CanESM5,1,historical,1850,1900,-1.288916939750095,5.619821399450301e-05,CanESM5:p1:1850:1900:historical,7.859861673429532
82,CanESM5,1,historical,1900,1950,-1.1297217578004393,0.000181803384423256,CanESM5:p1:1900:1950:historical,7.859861673429532
83,CanESM5,1,historical,1950,2000,-0.8258893348328571,0.0004974446624517442,CanESM5:p1:1950:2000:historical,7.859861673429532
84,CanESM5,1,historical,1992,2014,-0.08457625422497357,0.0016768022084778006,CanESM5:p1:1992:2014:historical,7.859861673429532
85,CanESM5,2,SSP126,2016,2050,1.1029056998492024,0.002298153147977941,CanESM5:p2:2016:2050:SSP126,72.75013261289524
86,CanESM5,2,SSP126,2051,2100,1.6076452542621782,0.0016214591660061665,CanESM5:p2:2051:2100:SSP126,44.03689130943265
87,CanESM5,2,SSP245,2016,2050,1.22730309475059,0.002531283480279586,CanESM5:p2:2016:2050:SSP245,39.8762521658664
88,CanESM5,2,SSP245,2051,2100,2.6023971646791155,0.0029806747728464552,CanESM5:p2:2051:2100:SSP245,15.443479808114718
89,CanESM5,2,SSP585,2016,2050,1.4515799861735732,0.0030376359601231176,CanESM5:p2:2016:2050:SSP585,29.354632995891404
90,CanESM5,2,SSP585,2051,2100,4.549376717857513,0.006112234993856781,CanESM5:p2:2051:2100:SSP585,7.2839194553125095
91,CanESM5,2,historical,1850,1900,-1.2901560850450209,4.950506240129471e-05,CanESM5:p2:1850:1900:historical,7.2839194553125095
92,CanESM5,2,historical,1900,1950,-1.1223430372217422,0.00017696126177906986,CanESM5:p2:1900:1950:historical,7.2839194553125095
93,CanESM5,2,historical,1950,2000,-0.8304641896682483,0.0004798177033662796,CanESM5:p2:1950:2000:historical,7.2839194553125095
94,CanESM5,2,historical,1992,2014,-0.08985436418391828,0.0016141024333509533,CanESM5:p2:1992:2014:historical,7.2839194553125095
95,E3SM-1-1,1,SSP585,2016,2050,1.59698515446604,0.0023558374275179468,E3SM-1-1:p1:2016:2050:SSP585,7.722884432107863
96,E3SM-1-1,1,SSP585,2051,2100,5.158361247759898,0.004479648507371241,E3SM-1-1:p1:2051:2100:SSP585,0.9517652485092304
97,E3SM-1-1,1,historical,1850,1900,-0.4792215045561079,6.255178246647119e-05,E3SM-1-1:p1:1850:1900:historical,0.9517652485092304
98,E3SM-1-1,1,historical,1900,1950,-0.5214428527045811,5.167643539607525e-05,E3SM-1-1:p1:1900:1950:historical,0.9517652485092304
99,E3SM-1-1,1,historical,1950,2000,-0.5469366942774627,-3.7434895057231186e-05,E3SM-1-1:p1:1950:2000:historical,0.9517652485092304
100,E3SM-1-1,1,historical,1992,2014,-0.06214463298482543,0.0010921594432809136,E3SM-1-1:p1:1992:2014:historical,0.9517652485092304
101,E3SM-1-1-ECA,1,historical,1850,1900,-0.6075594368397788,8.981421589851379e-05,E3SM-1-1-ECA:p1:1850:1900:historical,0.0
102,E3SM-1-1-ECA,1,historical,1900,1950,-0.6494602519229602,0.00044067379087209697,E3SM-1-1-ECA:p1:1900:1950:historical,0.0
103,E3SM-1-1-ECA,1,historical,1950,2000,-0.5786557798633112,0.0004052734375,E3SM-1-1-ECA:p1:1950:2000:historical,0.0
104,E3SM-1-1-ECA,1,historical,1992,2014,-0.07436249954537287,0.0013547954572872682,E3SM-1-1-ECA:p1:1992:2014:historical,0.0
105,EC-Earth3,1,SSP126,2016,2050,0.9287476480435544,0.001831653144429712,EC-Earth3:p1:2016:2050:SSP126,276.22587573393037
106,EC-Earth3,1,SSP126,2051,2100,1.2101065687577943,0.0015287852408934614,EC-Earth3:p1:2051:2100:SSP126,245.56712770719892
107,EC-Earth3,1,SSP245,2016,2050,0.8926231121729984,0.0021021225873161767,EC-Earth3:p1:2016:2050:SSP245,471.824453720935
108,EC-Earth3,1,SSP245,2051,2100,1.9738229037942008,0.002605412079363453,EC-Earth3:p1:2051:2100:SSP245,149.9553440824661
109,EC-Earth3,1,SSP585,2016,2050,1.0615696464947175,0.002175723805147059,EC-Earth3:p1:2016:2050:SSP585,419.8319905765858
110,EC-Earth3,1,SSP585,2051,2100,3.3593148941688464,0.0045722388491338615,EC-Earth3:p1:2051:2100:SSP585,98.69455680507625
111,EC-Earth3-CC,1,SSP245,2016,2050,0.5685827877334759,0.002078187378013835,EC-Earth3-CC:p1:2016:2050:SSP245,839.527697368941
112,EC-Earth3-CC,1,SSP245,2051,2100,1.6428629007605196,0.0025792541552563104,EC-Earth3-CC:p1:2051:2100:SSP245,379.49551260354366
113,EC-Earth3-CC,1,SSP585,2016,2050,0.5915107137864197,0.0023342956076650057,EC-Earth3-CC:p1:2016:2050:SSP585,606.503292222874
114,EC-Earth3-CC,1,SSP585,2051,2100,2.9574455667666935,0.004592168696072637,EC-Earth3-CC:p1:2051:2100:SSP585,222.07785382158517
115,EC-Earth3-CC,1,historical,1850,1900,-1.4027734797650169,0.00035859085619449615,EC-Earth3-CC:p1:1850:1900:historical,222.07785382158517
116,EC-Earth3-CC,1,historical,1900,1950,-1.289769774181195,0.00047403968870639806,EC-Earth3-CC:p1:1900:1950:historical,222.07785382158517
117,EC-Earth3-CC,1,historical,1950,2000,-0.6551007325431897,0.00057861328125,EC-Earth3-CC:p1:1950:2000:historical,222.07785382158517
118,EC-Earth3-CC,1,historical,1992,2014,-0.08047753976194373,0.0016294536604122682,EC-Earth3-CC:p1:1992:2014:historical,222.07785382158517
119,EC-Earth3-Veg,1,SSP126,2016,2050,0.6677028643705967,0.0018376368371879356,EC-Earth3-Veg:p1:2016:2050:SSP126,813.1760479239778
120,EC-Earth3-Veg,1,SSP126,2051,2100,1.110083051131312,0.0013930131586230529,EC-Earth3-Veg:p1:2051:2100:SSP126,359.9336771856075
121,EC-Earth3-Veg,1,SSP245,2016,2050,0.7128552498841145,0.0020219392197973586,EC-Earth3-Veg:p1:2016:2050:SSP245,831.1876934849766
122,EC-Earth3-Veg,1,SSP245,2051,2100,1.89028719086474,0.002494552609871845,EC-Earth3-Veg:p1:2051:2100:SSP245,190.82321103576734
123,EC-Earth3-Veg,1,SSP585,2016,2050,0.921360538505894,0.002289416816304712,EC-Earth3-Veg:p1:2016:2050:SSP585,687.4328344819401
124,EC-Earth3-Veg,1,SSP585,2051,2100,3.284938654739108,0.004583449388036923,EC-Earth3-Veg:p1:2051:2100:SSP585,113.97248102016506
125,EC-Earth3-Veg,1,historical,1850,1900,-1.3220684628331585,0.00018687859177589412,EC-Earth3-Veg:p1:1850:1900:historical,113.97248102016506
126,EC-Earth3-Veg,1,historical,1900,1950,-0.9575471467827584,0.000404459610581398,EC-Earth3-Veg:p1:1900:1950:historical,113.97248102016506
127,EC-Earth3-Veg,1,historical,1950,2000,-0.6350626173507976,0.000677083358168602,EC-Earth3-Veg:p1:1950:2000:historical,113.97248102016506
128,EC-Earth3-Veg,1,historical,1992,2014,-0.07167544548985916,0.0013779149475422773,EC-Earth3-Veg:p1:1992:2014:historical,113.97248102016506
129,EC-Earth3-Veg-LR,1,SSP126,2016,2050,0.6561410782375106,0.0019489364588961887,EC-Earth3-Veg-LR:p1:2016:2050:SSP126,829.0100347058135
130,EC-Earth3-Veg-LR,1,SSP126,2051,2100,1.0054592534640392,0.0011829194061610164,EC-Earth3-Veg-LR:p1:2051:2100:SSP126,499.5746129779094
131,EC-Earth3-Veg-LR,1,SSP245,2016,2050,0.7047114431250634,0.00016994101871900698,EC-Earth3-Veg-LR:p1:2016:2050:SSP245,840.7198665362996
132,EC-Earth3-Veg-LR,1,SSP245,2051,2100,1.743870194196461,0.00018061423788265306,EC-Earth3-Veg-LR:p1:2051:2100:SSP245,291.0098540900074
133,EC-Earth3-Veg-LR,1,SSP585,2016,2050,0.7923292151903071,0.002471923828125,EC-Earth3-Veg-LR:p1:2016:2050:SSP585,821.6233591138483
134,EC-Earth3-Veg-LR,1,SSP585,2051,2100,3.1353950393153696,0.004107624292373657,EC-Earth3-Veg-LR:p1:2051:2100:SSP585,156.3064405252179
135,FGOALS-f3-L,1,SSP126,2016,2050,0.6693756528384256,0.0018693513291723586,FGOALS-f3-L:p1:2016:2050:SSP126,810.7385945730047
136,FGOALS-f3-L,1,SSP126,2051,2100,0.9150046309954404,0.0012314984841006146,FGOALS-f3-L:p1:2051:2100:SSP126,610.9376161400996
137,FGOALS-f3-L,1,SSP585,2016,2050,0.8322146242074382,0.00041707355857771984,FGOALS-f3-L:p1:2016:2050:SSP585,801.1642078835968
138,FGOALS-f3-L,1,SSP585,2051,2100,2.7829819629452004,0.0018181834293871512,FGOALS-f3-L:p1:2051:2100:SSP585,285.09729440447006
139,FGOALS-f3-L,1,historical,1850,1900,-1.0877670296077897,-0.00182861328125,FGOALS-f3-L:p1:1850:1900:historical,285.09729440447006
140,FGOALS-f3-L,1,historical,1900,1950,-0.9310056269383722,-0.001368815004825592,FGOALS-f3-L:p1:1900:1950:historical,285.09729440447006
141,FGOALS-f3-L,1,historical,1950,2000,-0.5852133383938279,-0.001022542342543602,FGOALS-f3-L:p1:1950:2000:historical,285.09729440447006
142,FGOALS-f3-L,1,historical,1992,2014,-0.04601555278094338,-0.0002108487215909091,FGOALS-f3-L:p1:1992:2014:historical,285.09729440447006
143,FGOALS-g3,1,SSP126,2016,2050,0.4640010264159097,0.0004980549051919403,FGOALS-g3:p1:2016:2050:SSP126,776.346141045265
144,FGOALS-g3,1,SSP126,2051,2100,0.5290303134441198,-4.816372074237487e-05,FGOALS-g3:p1:2051:2100:SSP126,452.86026013832674
145,FGOALS-g3,1,SSP245,2016,2050,0.6052066395519661,0.002301384420955882,FGOALS-g3:p1:2016:2050:SSP245,870.7162492493716
146,FGOALS-g3,1,SSP245,2051,2100,1.1870082738879546,0.002423967785981237,FGOALS-g3:p1:2051:2100:SSP245,500.01447771666784
147,FGOALS-g3,1,SSP585,2016,2050,0.6616401608673073,0.0025521071956438176,FGOALS-g3:p1:2016:2050:SSP585,733.0717361855815
148,FGOALS-g3,1,SSP585,2051,2100,2.192942474264328,0.00482260815951289,FGOALS-g3:p1:2051:2100:SSP585,321.1098298255162
149,FGOALS-g3,1,historical,1950,2000,-0.5582987695383963,0.000673828125,FGOALS-g3:p1:1950:2000:historical,321.1098298255162
150,FGOALS-g3,1,historical,1992,2014,-0.07632820193578027,0.0015425248579545455,FGOALS-g3:p1:1992:2014:historical,321.1098298255162
151,FIO-ESM-2-0,1,SSP126,2016,2050,0.7389325305631473,0.001789965648569313,FIO-ESM-2-0:p1:2016:2050:SSP126,682.9689008570055
152,FIO-ESM-2-0,1,SSP126,2051,2100,1.0482047733976667,0.0013501087621766693,FIO-ESM-2-0:p1:2051:2100:SSP126,441.7517654511795
153,FIO-ESM-2-0,1,SSP245,2016,2050,0.8358917844027474,0.0023025811156805825,FIO-ESM-2-0:p1:2016:2050:SSP245,601.0931194567313
154,FIO-ESM-2-0,1,SSP245,2051,2100,1.8386586678250296,0.002720839515024302,FIO-ESM-2-0:p1:2051:2100:SSP245,221.69491021090272
155,FIO-ESM-2-0,1,SSP585,2016,2050,0.9214371822984616,0.002584419925423229,FIO-ESM-2-0:p1:2016:2050:SSP585,687.303988611882
156,FIO-ESM-2-0,1,SSP585,2051,2100,3.2625392996266096,0.0045929995118355275,FIO-ESM-2-0:p1:2051:2100:SSP585,119.297834606498
157,FIO-ESM-2-0,1,historical,1850,1900,-1.1764135636752826,0.00042613640427589415,FIO-ESM-2-0:p1:1850:1900:historical,119.297834606498
158,FIO-ESM-2-0,1,historical,1900,1950,-0.987799897210948,0.000603841133415699,FIO-ESM-2-0:p1:1900:1950:historical,119.297834606498
159,FIO-ESM-2-0,1,historical,1950,2000,-0.5857725678836232,0.000601399764418602,FIO-ESM-2-0:p1:1950:2000:historical,119.297834606498
160,FIO-ESM-2-0,1,historical,1992,2014,-0.05728763274333915,0.0016923384232954545,FIO-ESM-2-0:p1:1992:2014:historical,119.297834606498
161,GFDL-CM4,1,SSP245,2016,2050,0.8249766143850366,0.0016838522518382356,GFDL-CM4:p1:2016:2050:SSP245,625.640880295931
162,GFDL-CM4,1,SSP245,2051,2100,1.8816062129430409,0.0022562249582640977,GFDL-CM4:p1:2051:2100:SSP245,195.68755760512263
163,GFDL-CM4,1,SSP585,2016,2050,0.94642452343453,0.001939362243694417,GFDL-CM4:p1:2016:2050:SSP585,643.3603172644847
164,GFDL-CM4,1,SSP585,2051,2100,3.1459173756302903,0.003637612474207976,GFDL-CM4:p1:2051:2100:SSP585,152.82449992165647
165,GFDL-CM4,1,historical,1850,1900,-0.7184561893076875,0.0002655954286456108,GFDL-CM4:p1:1850:1900:historical,152.82449992165647
166,GFDL-CM4,1,historical,1900,1950,-0.7009949573859444,0.00017415367066860198,GFDL-CM4:p1:1900:1950:historical,152.82449992165647
167,GFDL-CM4,1,historical,1950,2000,-0.5698199534917876,0.000419514961540699,GFDL-CM4:p1:1950:2000:historical,152.82449992165647
168,GFDL-CM4,1,historical,1992,2014,-0.07555497005012057,0.00126416761089455,GFDL-CM4:p1:1992:2014:historical,152.82449992165647
169,GFDL-ESM4,1,SSP126,2016,2050,0.6077209889131154,0.002497055951286765,GFDL-ESM4:p1:2016:2050:SSP126,873.8598161583502
170,GFDL-ESM4,1,SSP126,2051,2100,0.8079829447541442,0.0020369963378322367,GFDL-ESM4:p1:2051:2100:SSP126,687.833405410586
171,GFDL-ESM4,1,SSP245,2016,2050,0.6669517599333972,0.0025598862591911767,GFDL-ESM4:p1:2016:2050:SSP245,871.6537478653761
172,GFDL-ESM4,1,SSP245,2051,2100,1.4098197525913747,0.0031792259946161385,GFDL-ESM4:p1:2051:2100:SSP245,548.9099199098836
173,GFDL-ESM4,1,SSP585,2016,2050,0.7156126918208656,0.002996108111213235,GFDL-ESM4:p1:2016:2050:SSP585,797.5239043508562
174,GFDL-ESM4,1,SSP585,2051,2100,2.4029243347146116,0.0055251352641047255,GFDL-ESM4:p1:2051:2100:SSP585,360.7795003589308
175,GFDL-ESM4,1,historical,1850,1900,-0.6213635437302969,-1.8902383744716643e-05,GFDL-ESM4:p1:1850:1900:historical,360.7795003589308
176,GFDL-ESM4,1,historical,1900,1950,-0.40670381398115296,0.0002921549417078495,GFDL-ESM4:p1:1900:1950:historical,360.7795003589308
177,GFDL-ESM4,1,historical,1950,2000,-0.4321437829392494,0.00026326496154069904,GFDL-ESM4:p1:1950:2000:historical,360.7795003589308
178,GFDL-ESM4,1,historical,1992,2014,-0.0732670057714131,0.00123827379535545,GFDL-ESM4:p1:1992:2014:historical,360.7795003589308
179,GISS-E2-1-G,1,historical,1850,1900,-0.7224793600174735,2.302689105272294e-05,GISS-E2-1-G:p1:1850:1900:historical,0.0
180,GISS-E2-1-G,1,historical,1900,1950,-0.6114178979674932,0.00023152668029069898,GISS-E2-1-G:p1:1900:1950:historical,0.0
181,GISS-E2-1-G,1,historical,1950,2000,-0.4713797052144287,0.000365519218146801,GISS-E2-1-G:p1:1950:2000:historical,0.0
182,GISS-E2-1-G,1,historical,1992,2014,-0.05417967770200107,0.0012709184126420455,GISS-E2-1-G:p1:1992:2014:historical,0.0
183,GISS-E2-1-G-CC,1,historical,1850,1900,-0.8006205076857213,0.0001294315233826637,GISS-E2-1-G-CC:p1:1850:1900:historical,0.0
184,GISS-E2-1-G-CC,1,historical,1900,1950,-0.8235448586343068,0.000168050155043602,GISS-E2-1-G-CC:p1:1900:1950:historical,0.0
185,GISS-E2-1-G-CC,1,historical,1950,2000,-0.5428469767982165,0.000338948555290699,GISS-E2-1-G-CC:p1:1950:2000:historical,0.0
186,GISS-E2-1-G-CC,1,historical,1992,2014,-0.06223181922655385,0.0016525729813359,GISS-E2-1-G-CC:p1:1992:2014:historical,0.0
187,HadGEM3-GC31-LL,1,SSP126,2016,2050,1.1211467642630737,0.0025957892922794123,HadGEM3-GC31-LL:p1:2016:2050:SSP126,61.65596942961727
188,HadGEM3-GC31-LL,1,SSP126,2051,2100,1.8685475872828192,0.0025003654312114325,HadGEM3-GC31-LL:p1:2051:2100:SSP126,9.659384601060573
189,HadGEM3-GC31-LL,1,SSP245,2016,2050,0.5246588644299663,0.0004092945772058824,HadGEM3-GC31-LL:p1:2016:2050:SSP245,775.4097642234577
190,HadGEM3-GC31-LL,1,SSP585,2016,2050,1.4043543788965422,0.0030393413103678647,HadGEM3-GC31-LL:p1:2016:2050:SSP585,43.846909542715814
191,HadGEM3-GC31-LL,1,SSP585,2051,2100,4.26656513127179,0.005670560409828108,HadGEM3-GC31-LL:p1:2051:2100:SSP585,16.25282176088661
192,HadGEM3-GC31-LL,1,historical,1850,1900,-0.6318843489849655,0.0001550440862774849,HadGEM3-GC31-LL:p1:1850:1900:historical,16.25282176088661
193,HadGEM3-GC31-LL,1,historical,1900,1950,-0.6431345789723764,0.00029622396454215044,HadGEM3-GC31-LL:p1:1900:1950:historical,16.25282176088661
194,HadGEM3-GC31-LL,1,historical,1950,2000,-0.5961649113112457,0.00034635416790843016,HadGEM3-GC31-LL:p1:1950:2000:historical,16.25282176088661
195,HadGEM3-GC31-LL,1,historical,1992,2014,-0.08317972920219745,0.0015667539767243645,HadGEM3-GC31-LL:p1:1992:2014:historical,16.25282176088661
196,HadGEM3-GC31-MM,1,SSP126,2016,2050,1.0293956683322565,0.00026568244485294115,HadGEM3-GC31-MM:p1:2016:2050:SSP126,134.96102252894866
197,HadGEM3-GC31-MM,1,SSP126,2051,2100,1.9696734328119303,-0.00036787177074928674,HadGEM3-GC31-MM:p1:2051:2100:SSP126,4.247927971841704
198,HadGEM3-GC31-MM,1,SSP585,2016,2050,1.2446607632468272,0.002601174774634488,HadGEM3-GC31-MM:p1:2016:2050:SSP585,147.41101739191305
199,HadGEM3-GC31-MM,1,SSP585,2051,2100,4.182192728350587,0.004834648601862849,HadGEM3-GC31-MM:p1:2051:2100:SSP585,21.930680784644455
200,HadGEM3-GC31-MM,1,historical,1850,1900,-0.6811560626584168,0.0001791197247803211,HadGEM3-GC31-MM:p1:1850:1900:historical,21.930680784644455
201,HadGEM3-GC31-MM,1,historical,1900,1950,-0.5900265585797229,0.00025817870162427427,HadGEM3-GC31-MM:p1:1900:1950:historical,21.930680784644455
202,HadGEM3-GC31-MM,1,historical,1950,2000,-0.5350548488485174,0.0002344767283648253,HadGEM3-GC31-MM:p1:1950:2000:historical,21.930680784644455
203,HadGEM3-GC31-MM,1,historical,1992,2014,-0.06820140433281098,0.0012042883132711393,HadGEM3-GC31-MM:p1:1992:2014:historical,21.930680784644455
204,INM-CM4-8,1,SSP126,2016,2050,0.4655339702136985,0.0004368202541680897,INM-CM4-8:p1:2016:2050:SSP126,779.0516786948195
205,INM-CM4-8,1,SSP126,2051,2100,0.671358882154891,-0.0001498890698564296,INM-CM4-8:p1:2051:2100:SSP126,645.1554946363018
206,INM-CM4-8,1,SSP245,2016,2050,0.5813349359816584,0.0005517099600504426,INM-CM4-8:p1:2016:2050:SSP245,852.8603967075672
207,INM-CM4-8,1,SSP245,2051,2100,1.2632771756069587,0.0007386499521683672,INM-CM4-8:p1:2051:2100:SSP245,543.7306816776598
208,INM-CM4-8,1,SSP585,2016,2050,0.7422410517559115,0.0009717753923991149,INM-CM4-8:p1:2016:2050:SSP585,815.4062626252027
209,INM-CM4-8,1,SSP585,2051,2100,2.347314981675765,0.0018821249202806126,INM-CM4-8:p1:2051:2100:SSP585,357.6275125715913
210,INM-CM4-8,1,historical,1850,1900,-0.8513765566731877,-0.0007049006223678589,INM-CM4-8:p1:1850:1900:historical,357.6275125715913
211,INM-CM4-8,1,historical,1900,1950,-0.6667758534034647,-0.000574951171875,INM-CM4-8:p1:1900:1950:historical,357.6275125715913
212,INM-CM4-8,1,historical,1950,2000,-0.43757098818610973,-0.0004886881634593009,INM-CM4-8:p1:1950:2000:historical,357.6275125715913
213,INM-CM4-8,1,historical,1992,2014,-0.06810939519056093,9.802616709335284e-05,INM-CM4-8:p1:1992:2014:historical,357.6275125715913
214,INM-CM5-0,1,SSP126,2016,2050,0.6063109994018419,0.002180511022315306,INM-CM5-0:p1:2016:2050:SSP126,874.6015447386915
215,INM-CM5-0,1,SSP126,2051,2100,0.726943907834027,0.003352781643672865,INM-CM5-0:p1:2051:2100:SSP126,682.9855753600548
216,INM-CM5-0,1,SSP245,2016,2050,0.6037526103974642,0.0020219392197973586,INM-CM5-0:p1:2016:2050:SSP245,869.9016016904067
217,INM-CM5-0,1,SSP245,2051,2100,1.2496407245117211,0.0023562891446814245,INM-CM5-0:p1:2051:2100:SSP245,537.7676414056741
218,INM-CM5-0,1,SSP585,2016,2050,0.7800737695783369,0.0022624895414885353,INM-CM5-0:p1:2016:2050:SSP585,823.4471254810419
219,INM-CM5-0,1,SSP585,2051,2100,2.2778668693829904,0.00436588209502551,INM-CM5-0:p1:2051:2100:SSP585,346.0128922397359
220,INM-CM5-0,1,historical,1850,1900,-0.7913651168544789,8.13804566860199e-06,INM-CM5-0:p1:1850:1900:historical,346.0128922397359
221,INM-CM5-0,1,historical,1900,1950,-0.5454846115839587,0.000359700471162796,INM-CM5-0:p1:1900:1950:historical,346.0128922397359
222,INM-CM5-0,1,historical,1950,2000,-0.41955617064013495,0.000690511092543602,INM-CM5-0:p1:1950:2000:historical,346.0128922397359
223,INM-CM5-0,1,historical,1992,2014,-0.06694860952330828,0.0013788396661931818,INM-CM5-0:p1:1992:2014:historical,346.0128922397359
224,IPSL-CM5A2-INCA,1,SSP126,2016,2050,0.8259282793317198,0.0018184886259191176,IPSL-CM5A2-INCA:p1:2016:2050:SSP126,486.8310110303937
225,IPSL-CM5A2-INCA,1,SSP126,2051,2100,2.6213086446126677,0.0012020188174685653,IPSL-CM5A2-INCA:p1:2051:2100:SSP126,0.00019212275032090385
226,IPSL-CM5A2-INCA,1,historical,1850,1900,-1.3026430666056967,-1.1911094188690186e-05,IPSL-CM5A2-INCA:p1:1850:1900:historical,0.0
227,IPSL-CM5A2-INCA,1,historical,1900,1950,-1.1172064438364373,0.00021728515625,IPSL-CM5A2-INCA:p1:1900:1950:historical,0.0
228,IPSL-CM5A2-INCA,1,historical,1950,2000,-0.6416595010196033,0.000344645157456398,IPSL-CM5A2-INCA:p1:1950:2000:historical,0.0
229,IPSL-CM5A2-INCA,1,historical,1992,2014,-0.06510855633280244,0.0009515935724431821,IPSL-CM5A2-INCA:p1:1992:2014:historical,0.0
230,IPSL-CM6A-LR,1,SSP126,2016,2050,0.7787565927656791,0.0017924679844987161,IPSL-CM6A-LR:p1:2016:2050:SSP126,594.760009385955
231,IPSL-CM6A-LR,1,SSP126,2051,2100,1.251017913818373,0.0013323424726116413,IPSL-CM6A-LR:p1:2051:2100:SSP126,207.46157090971795
232,IPSL-CM6A-LR,1,SSP245,2016,2050,0.8807757423037211,0.0019514788599575266,IPSL-CM6A-LR:p1:2016:2050:SSP245,498.6186510108878
233,IPSL-CM6A-LR,1,SSP245,2051,2100,2.1438501654730544,0.002375720816404641,IPSL-CM6A-LR:p1:2051:2100:SSP245,90.19512878482722
234,IPSL-CM6A-LR,1,SSP585,2016,2050,0.9693976023840492,0.0022850932151663537,IPSL-CM6A-LR:p1:2016:2050:SSP585,600.2550316155738
235,IPSL-CM6A-LR,1,SSP585,2051,2100,3.671343722873246,0.0043454273622863145,IPSL-CM6A-LR:p1:2051:2100:SSP585,61.83739363655885
236,IPSL-CM6A-LR,1,historical,1850,1900,-1.0814230728426537,-4.1191536519262515e-05,IPSL-CM6A-LR:p1:1850:1900:historical,61.83739363655885
237,IPSL-CM6A-LR,1,historical,1900,1950,-0.8730353530629031,0.00017695674051841103,IPSL-CM6A-LR:p1:1900:1950:historical,61.83739363655885
238,IPSL-CM6A-LR,1,historical,1950,2000,-0.5289274142285509,0.00035120081570413377,IPSL-CM6A-LR:p1:1950:2000:historical,61.83739363655885
239,IPSL-CM6A-LR,1,historical,1992,2014,-0.05810799775299655,0.0011784717196015395,IPSL-CM6A-LR:p1:1992:2014:historical,61.83739363655885
240,IPSL-CM6A-LR-INCA,1,historical,1850,1900,-1.0730884402405536,-0.00046952679753303533,IPSL-CM6A-LR-INCA:p1:1850:1900:historical,0.0
241,IPSL-CM6A-LR-INCA,1,historical,1900,1950,-1.0923224430458165,0.000365804061293602,IPSL-CM6A-LR-INCA:p1:1900:1950:historical,0.0
242,IPSL-CM6A-LR-INCA,1,historical,1950,2000,-0.5980520684734074,0.0008837890625,IPSL-CM6A-LR-INCA:p1:1950:2000:historical,0.0
243,IPSL-CM6A-LR-INCA,1,historical,1992,2014,-0.058043079099775234,0.001833829012784091,IPSL-CM6A-LR-INCA:p1:1992:2014:historical,0.0
244,MCM-UA-1-0,1,historical,1850,1900,-1.1051931465477196,0.00015667557716369628,MCM-UA-1-0:p1:1850:1900:historical,0.0
245,MCM-UA-1-0,1,historical,1900,1950,-0.9003278326195527,0.00028689231723546984,MCM-UA-1-0:p1:1900:1950:historical,0.0
246,MCM-UA-1-0,1,historical,1950,2000,-0.5232340262217008,0.0004482724890112877,MCM-UA-1-0:p1:1950:2000:historical,0.0
247,MCM-UA-1-0,1,historical,1992,2014,-0.06619772817009563,0.0009382417933507401,MCM-UA-1-0:p1:1992:2014:historical,0.0
248,MIROC6,1,SSP126,2016,2050,0.5533322063387421,0.0017995861377201829,MIROC6:p1:2016:2050:SSP126,877.5234998213659
249,MIROC6,1,SSP126,2051,2100,0.8457049046690107,0.0014791082666844738,MIROC6:p1:2051:2100:SSP126,670.2634934679969
250,MIROC6,1,SSP245,2016,2050,0.5802405062116615,0.0019468486162961696,MIROC6:p1:2016:2050:SSP245,851.8172268440707
251,MIROC6,1,SSP245,2051,2100,1.3559386365224482,0.0023854028712324547,MIROC6:p1:2051:2100:SSP245,559.8197729717349
252,MIROC6,1,SSP585,2016,2050,0.6738777105920235,0.0022165524024589387,MIROC6:p1:2016:2050:SSP585,750.6997560624153
253,MIROC6,1,SSP585,2051,2100,2.418833687715941,0.004122341875316334,MIROC6:p1:2051:2100:SSP585,360.71485916580514
254,MIROC6,1,historical,1850,1900,-0.5902903823159704,-1.176314428448677e-05,MIROC6:p1:1850:1900:historical,360.71485916580514
255,MIROC6,1,historical,1900,1950,-0.5017175406123329,0.00012125650420784951,MIROC6:p1:1900:1950:historical,360.71485916580514
256,MIROC6,1,historical,1950,2000,-0.3708798446430137,0.00015665691345930098,MIROC6:p1:1950:2000:historical,360.71485916580514
257,MIROC6,1,historical,1992,2014,-0.03575023203296723,0.0010995575311509046,MIROC6:p1:1992:2014:historical,360.71485916580514
258,MPI-ESM-1-2-HAM,1,historical,1850,1900,-0.4541252074652675,-4.849523305892944e-05,MPI-ESM-1-2-HAM:p1:1850:1900:historical,0.0
259,MPI-ESM-1-2-HAM,1,historical,1900,1950,-0.4107237944448343,0.000280354805290699,MPI-ESM-1-2-HAM:p1:1900:1950:historical,0.0
260,MPI-ESM-1-2-HAM,1,historical,1950,2000,-0.41188175353454426,0.000486246757209301,MPI-ESM-1-2-HAM:p1:1950:2000:historical,0.0
261,MPI-ESM-1-2-HAM,1,historical,1992,2014,-0.04053023604308237,0.0012586189603263679,MPI-ESM-1-2-HAM:p1:1992:2014:historical,0.0
262,MPI-ESM1-2-HR,1,SSP126,2016,2050,0.4877387425366066,0.001609054284498972,MPI-ESM1-2-HR:p1:2016:2050:SSP126,814.8832674050165
263,MPI-ESM1-2-HR,1,SSP126,2051,2100,0.6843871888242461,0.0011970364697733702,MPI-ESM1-2-HR:p1:2051:2100:SSP126,656.4097811937602
264,MPI-ESM1-2-HR,1,SSP245,2016,2050,0.607796501402504,0.0019321814179420473,MPI-ESM1-2-HR:p1:2016:2050:SSP245,872.0780482433314
265,MPI-ESM1-2-HR,1,SSP245,2051,2100,1.3770024027060686,0.002231312345485298,MPI-ESM1-2-HR:p1:2051:2100:SSP245,557.3040100804137
266,MPI-ESM1-2-HR,1,SSP585,2016,2050,0.7005728964523428,0.00208716291715117,MPI-ESM1-2-HR:p1:2016:2050:SSP585,783.1705828934627
267,MPI-ESM1-2-HR,1,SSP585,2051,2100,2.3403294780634383,0.003993027672475698,MPI-ESM1-2-HR:p1:2051:2100:SSP585,356.84667051283367
268,MPI-ESM1-2-HR,1,historical,1850,1900,-0.8275648415875594,-9.980171918869018e-05,MPI-ESM1-2-HR:p1:1850:1900:historical,356.84667051283367
269,MPI-ESM1-2-HR,1,historical,1900,1950,-0.6401962313661897,0.000284423865377903,MPI-ESM1-2-HR:p1:1900:1950:historical,356.84667051283367
270,MPI-ESM1-2-HR,1,historical,1950,2000,-0.4177565127520211,0.0005598958209156992,MPI-ESM1-2-HR:p1:1950:2000:historical,356.84667051283367
271,MPI-ESM1-2-HR,1,historical,1992,2014,-0.05580499297843744,0.001333525658331134,MPI-ESM1-2-HR:p1:1992:2014:historical,356.84667051283367
272,MPI-ESM1-2-LR,1,SSP126,2016,2050,0.4435518377878225,0.0019307252677047953,MPI-ESM1-2-LR:p1:2016:2050:SSP126,737.707177953332
273,MPI-ESM1-2-LR,1,SSP126,2051,2100,0.6526174510554862,0.0015059920648733776,MPI-ESM1-2-LR:p1:2051:2100:SSP126,626.596373817165
274,MPI-ESM1-2-LR,1,SSP245,2016,2050,0.5402042535312338,0.0021207990015254304,MPI-ESM1-2-LR:p1:2016:2050:SSP245,801.1011744883763
275,MPI-ESM1-2-LR,1,SSP245,2051,2100,1.3124393801347765,0.002576705752586832,MPI-ESM1-2-LR:p1:2051:2100:SSP245,557.7284094564508
276,MPI-ESM1-2-LR,1,SSP585,2016,2050,0.6053191235833424,0.002403707334808275,MPI-ESM1-2-LR:p1:2016:2050:SSP585,634.1347141437718
277,MPI-ESM1-2-LR,1,SSP585,2051,2100,2.3539196673816227,0.004452196310977547,MPI-ESM1-2-LR:p1:2051:2100:SSP585,358.2856683877181
278,MPI-ESM1-2-LR,1,historical,1850,1900,-0.8862953480851274,0.00023717559874057768,MPI-ESM1-2-LR:p1:1850:1900:historical,358.2856683877181
279,MPI-ESM1-2-LR,1,historical,1900,1950,-0.7395266397430191,0.0003698872774839401,MPI-ESM1-2-LR:p1:1900:1950:historical,358.2856683877181
280,MPI-ESM1-2-LR,1,historical,1950,2000,-0.4801410966487083,0.000351276658475399,MPI-ESM1-2-LR:p1:1950:2000:historical,358.2856683877181
281,MPI-ESM1-2-LR,1,historical,1992,2014,-0.04471769308401008,0.0014779845421964474,MPI-ESM1-2-LR:p1:1992:2014:historical,358.2856683877181
282,MRI-ESM2-0,1,SSP126,2016,2050,0.8199152760720949,0.001594094669117647,MRI-ESM2-0:p1:2016:2050:SSP126,500.4933841211343
283,MRI-ESM2-0,1,SSP126,2051,2100,1.1166319333599404,0.0009379483455297901,MRI-ESM2-0:p1:2051:2100:SSP126,351.642269734566
284,MRI-ESM2-0,1,SSP245,2016,2050,0.478109864078931,0.001863367417279412,MRI-ESM2-0:p1:2016:2050:SSP245,682.820222441418
285,MRI-ESM2-0,1,SSP585,2016,2050,1.1065856576892656,0.002266678301727071,MRI-ESM2-0:p1:2016:2050:SSP585,337.5466058853879
286,MRI-ESM2-0,1,SSP585,2051,2100,2.9054030154318866,0.003832343281531821,MRI-ESM2-0:p1:2051:2100:SSP585,241.8681155421358
287,MRI-ESM2-0,1,historical,1850,1900,-0.7077356322052992,-6.824839860200882e-05,MRI-ESM2-0:p1:1850:1900:historical,241.8681155421358
288,MRI-ESM2-0,1,historical,1900,1950,-0.583408741758717,0.000208740234375,MRI-ESM2-0:p1:1900:1950:historical,241.8681155421358
289,MRI-ESM2-0,1,historical,1950,2000,-0.4558369280780994,5.5338540114462376e-05,MRI-ESM2-0:p1:1950:2000:historical,241.8681155421358
290,MRI-ESM2-0,1,historical,1992,2014,-0.057598877004181766,0.0011152787642045457,MRI-ESM2-0:p1:1992:2014:historical,241.8681155421358
291,NESM3,1,SSP126,2016,2050,0.9210476527038622,0.0017327096532372868,NESM3:p1:2016:2050:SSP126,289.9191185960701
292,NESM3,1,SSP126,2051,2100,1.222691958882706,0.0015501452952015155,NESM3:p1:2051:2100:SSP126,233.2813181904316
293,NESM3,1,SSP245,2016,2050,0.9283936687367031,0.0017702083158142425,NESM3:p1:2016:2050:SSP245,393.55276062218167
294,NESM3,1,SSP245,2051,2100,1.9060298720482365,0.0022956069026674538,NESM3:p1:2051:2100:SSP245,182.32097109183601
295,NESM3,1,SSP585,2016,2050,1.2097694071913452,0.0020019780187045828,NESM3:p1:2016:2050:SSP585,185.63867590647612
296,NESM3,1,SSP585,2051,2100,3.399749941502762,0.004097659064798939,NESM3:p1:2051:2100:SSP585,91.76593906833287
297,NESM3,1,historical,1850,1900,-0.8242466267370219,4.7132265754044065e-05,NESM3:p1:1850:1900:historical,91.76593906833287
298,NESM3,1,historical,1900,1950,-0.6911750522650095,-2.2334344685077667e-05,NESM3:p1:1900:1950:historical,91.76593906833287
299,NESM3,1,historical,1950,2000,-0.5086172761622834,-7.607361301779747e-05,NESM3:p1:1950:2000:historical,91.76593906833287
300,NESM3,1,historical,1992,2014,-0.08570777634099612,0.0009015232155268842,NESM3:p1:1992:2014:historical,91.76593906833287
301,NorESM2-LM,1,SSP126,2016,2050,0.4670428801305775,0.001721527865704368,NorESM2-LM:p1:2016:2050:SSP126,781.6870144479615
302,NorESM2-LM,1,SSP126,2051,2100,0.6985250927569949,0.0014836438456360176,NorESM2-LM:p1:2051:2100:SSP126,667.0090429552192
303,NorESM2-LM,1,SSP245,2016,2050,0.5873439653240288,0.0017776403430045816,NorESM2-LM:p1:2016:2050:SSP245,858.2427696764014
304,NorESM2-LM,1,SSP245,2051,2100,1.3226935749589568,0.002271369200985448,NorESM2-LM:p1:2051:2100:SSP245,559.1066709796671
305,NorESM2-LM,1,SSP585,2016,2050,0.6638960521598847,0.001911973471150679,NorESM2-LM:p1:2016:2050:SSP585,736.4419403180116
306,NorESM2-LM,1,SSP585,2051,2100,2.3402745335117743,0.004041950313412413,NorESM2-LM:p1:2051:2100:SSP585,356.84018296866685
307,NorESM2-LM,1,historical,1850,1900,-0.5841489508799782,3.72562650591135e-05,NorESM2-LM:p1:1850:1900:historical,356.84018296866685
308,NorESM2-LM,1,historical,1900,1950,-0.5190779709562321,9.029836393892764e-05,NorESM2-LM:p1:1900:1950:historical,356.84018296866685
309,NorESM2-LM,1,historical,1950,2000,-0.4820209212769555,-0.00019392456859350208,NorESM2-LM:p1:1950:2000:historical,356.84018296866685
310,NorESM2-LM,1,historical,1992,2014,-0.07437924569137523,0.0010215912691571496,NorESM2-LM:p1:1992:2014:historical,356.84018296866685
311,NorESM2-MM,1,SSP126,2016,2050,0.6513889376872157,0.002827962312628241,NorESM2-MM:p1:2016:2050:SSP126,834.9857294322802
312,NorESM2-MM,1,SSP126,2051,2100,0.8863051469568292,0.0023168448586853184,NorESM2-MM:p1:2051:2100:SSP126,639.2157173909718
313,NorESM2-MM,1,SSP245,2016,2050,0.6712761306682182,0.0025461235028855947,NorESM2-MM:p1:2016:2050:SSP245,869.273836886345
314,NorESM2-MM,1,SSP245,2051,2100,1.4439797143311919,0.0033411560009936896,NorESM2-MM:p1:2051:2100:SSP245,534.7019500920026
315,NorESM2-MM,1,SSP585,2016,2050,0.8045185568688566,0.002985935439081753,NorESM2-MM:p1:2016:2050:SSP585,817.6912142893997
316,NorESM2-MM,1,SSP585,2051,2100,2.519874870292085,0.0055317781409438774,NorESM2-MM:p1:2051:2100:SSP585,351.6651412572658
317,NorESM2-MM,1,historical,1850,1900,-0.4716461031428594,-0.00011493104510009286,NorESM2-MM:p1:1850:1900:historical,351.6651412572658
318,NorESM2-MM,1,historical,1900,1950,-0.4679974663966959,-4.313150886446238e-05,NorESM2-MM:p1:1900:1950:historical,351.6651412572658
319,NorESM2-MM,1,historical,1950,2000,-0.3870034382127869,7.649739272892476e-05,NorESM2-MM:p1:1950:2000:historical,351.6651412572658
320,NorESM2-MM,1,historical,1992,2014,-0.028543750145104237,0.0010588675398718226,NorESM2-MM:p1:1992:2014:historical,351.6651412572658
321,SAM0-UNICON,1,historical,1850,1900,-0.6469212985734885,-3.3935545943677425e-05,SAM0-UNICON:p1:1850:1900:historical,0.0
322,SAM0-UNICON,1,historical,1900,1950,-0.6103655920807114,-2.9296875e-05,SAM0-UNICON:p1:1900:1950:historical,0.0
323,SAM0-UNICON,1,historical,1950,2000,-0.475112820887432,0.00010050456039607525,SAM0-UNICON:p1:1950:2000:historical,0.0
324,SAM0-UNICON,1,historical,1992,2014,-0.06348390377240776,0.0013982599431818182,SAM0-UNICON:p1:1992:2014:historical,0.0
325,TaiESM1,1,SSP126,2016,2050,1.232019505428866,0.0021954704733455877,TaiESM1:p1:2016:2050:SSP126,20.31249333331994
326,TaiESM1,1,SSP126,2051,2100,2.1072620491334533,0.0018497390710577675,TaiESM1:p1:2051:2100:SSP126,1.0524675972234603
327,TaiESM1,1,SSP245,2016,2050,1.1013770638722915,0.002610150505514706,TaiESM1:p1:2016:2050:SSP245,122.31644672833116
328,TaiESM1,1,SSP245,2051,2100,2.708179433078328,0.003145594073801625,TaiESM1:p1:2051:2100:SSP245,9.891276353325098
329,UKESM1-0-LL,1,SSP126,2016,2050,1.214123845445779,0.002298346421432711,UKESM1-0-LL:p1:2016:2050:SSP126,24.60168704898843
330,UKESM1-0-LL,1,SSP126,2051,2100,1.9878858979135825,0.0018854348962685,UKESM1-0-LL:p1:2051:2100:SSP126,3.5999539796686677
331,UKESM1-0-LL,1,SSP245,2016,2050,1.3315136830572896,0.0025682636481874125,UKESM1-0-LL:p1:2016:2050:SSP245,13.661652916371171
332,UKESM1-0-LL,1,SSP245,2051,2100,2.9399365916814872,0.003131529992940475,UKESM1-0-LL:p1:2051:2100:SSP245,4.391168181172631
333,UKESM1-0-LL,1,SSP585,2016,2050,1.462812681070261,0.003018367947900997,UKESM1-0-LL:p1:2016:2050:SSP585,26.616540886335294
334,UKESM1-0-LL,1,SSP585,2051,2100,4.595425426489305,0.0056187446020087425,UKESM1-0-LL:p1:2051:2100:SSP585,6.734569322092646
335,UKESM1-0-LL,1,historical,1850,1900,-0.6462239018000927,-2.457203685908633e-05,UKESM1-0-LL:p1:1850:1900:historical,6.734569322092646
336,UKESM1-0-LL,1,historical,1900,1950,-0.6269337742230519,2.5371483506580053e-06,UKESM1-0-LL:p1:1900:1950:historical,6.734569322092646
337,UKESM1-0-LL,1,historical,1950,2000,-0.6301028927964112,3.061331726391525e-05,UKESM1-0-LL:p1:1950:2000:historical,6.734569322092646
338,UKESM1-0-LL,1,historical,1992,2014,-0.0865299854566702,0.0012601272247851215,UKESM1-0-LL:p1:1992:2014:historical,6.734569322092646
