,model,p,scenario,startyr,endyr,Tavg,dSdt
0,ACCESS-CM2,1,SSP126,2016,2050,1.0077530632354221,0.0024677899976571402
1,ACCESS-CM2,1,SSP126,2051,2100,1.7542525015673693,0.0020739722515450043
2,ACCESS-CM2,1,SSP245,2016,2050,1.0038668647643287,0.0024909276296110716
3,ACCESS-CM2,1,SSP245,2051,2100,2.409167516386219,0.0031201513040633433
4,ACCESS-CM2,1,SSP585,2016,2050,1.1219557215938305,0.0028834674580424436
5,ACCESS-CM2,1,SSP585,2051,2100,3.714670693500674,0.0053943677418896935
6,ACCESS-CM2,1,historical,1850,1900,-0.6174942650132493,8.259356021881104e-05
7,ACCESS-CM2,1,historical,1900,1950,-0.5883046245950823,0.0002200368419289589
8,ACCESS-CM2,1,historical,1950,2000,-0.4431638287017563,0.00023183701559901238
9,ACCESS-CM2,1,historical,1992,2014,-0.06592813735750269,0.001385549506680532
10,ACCESS-ESM1-5,1,SSP126,2016,2050,0.8320337002592169,0.002259504707420574
11,ACCESS-ESM1-5,1,SSP126,2051,2100,1.3087303572483695,0.0017473407241762901
12,ACCESS-ESM1-5,1,SSP245,2016,2050,0.8905466953550748,0.0024914781690812578
13,ACCESS-ESM1-5,1,SSP245,2051,2100,1.988482685016417,0.002860921073933037
14,ACCESS-ESM1-5,1,SSP585,2016,2050,1.0173077338419223,0.0028028372017776266
15,ACCESS-ESM1-5,1,SSP585,2051,2100,3.138318527873556,0.004657790774390811
16,ACCESS-ESM1-5,1,historical,1850,1900,-0.8089585373724617,0.00017727747559547423
17,ACCESS-ESM1-5,1,historical,1900,1950,-0.7805070901945328,0.0001055699959397316
18,ACCESS-ESM1-5,1,historical,1950,2000,-0.6963045573700128,0.0003468623757362366
19,ACCESS-ESM1-5,1,historical,1992,2014,-0.09485506484247708,0.0013108847832137888
20,BCC-CSM2-MR,1,SSP126,2016,2050,0.6934293709054486,0.001124309266314787
21,BCC-CSM2-MR,1,SSP126,2051,2100,0.9830933164753333,0.0005493111224198827
22,BCC-CSM2-MR,1,SSP245,2016,2050,0.7684900045579184,0.00145401871379684
23,BCC-CSM2-MR,1,SSP245,2051,2100,1.6169029031977402,0.0017463473641142553
24,BCC-CSM2-MR,1,SSP585,2016,2050,0.9584607284863296,0.0016712320639806636
25,BCC-CSM2-MR,1,SSP585,2051,2100,2.7309033465028847,0.0035167826073510306
26,BCC-CSM2-MR,1,historical,1850,1900,-0.8482027151641015,-0.00017767534901698434
27,BCC-CSM2-MR,1,historical,1900,1950,-0.8158665030333813,1.5974584966897963e-05
28,BCC-CSM2-MR,1,historical,1950,2000,-0.5564195519404885,0.00033417119334141414
29,BCC-CSM2-MR,1,historical,1992,2014,-0.06701995050334138,0.0011602666398341007
30,BCC-ESM1,1,historical,1850,1900,-0.5021565861075411,0.00016522224992513657
31,BCC-ESM1,1,historical,1900,1950,-0.45097867886245996,0.00023099021986126898
32,BCC-ESM1,1,historical,1950,2000,-0.5259900301274077,0.0002577100073297819
33,BCC-ESM1,1,historical,1992,2014,-0.0712210049867205,0.0013852821606578248
34,CAMS-CSM1-0,1,SSP126,2016,2050,0.4240932620604667,0.0010427460074424744
35,CAMS-CSM1-0,1,SSP245,2016,2050,0.47391899339115184,0.0011926412801532185
36,CAMS-CSM1-0,1,SSP585,2016,2050,0.5451906525502181,0.001371258869767189
37,CAMS-CSM1-0,1,historical,1850,1900,-0.6542680539902221,-1.4649927616119385e-05
38,CAMS-CSM1-0,1,historical,1900,1950,-0.520867763432534,0.0002835404500365257
39,CAMS-CSM1-0,1,historical,1950,2000,-0.32726915273190116,0.00040113482624292373
40,CAMS-CSM1-0,1,historical,1992,2014,-0.04888084546018945,0.0010484033687548204
41,CESM2,1,historical,1850,1900,-0.8784303445675163,0.00014785268530249598
42,CESM2,1,historical,1900,1950,-0.7586826913190521,0.0001492545213550329
43,CESM2,1,historical,1950,2000,-0.5821036945145466,0.00023323883302509783
44,CESM2,1,historical,1992,2014,-0.06491576909189689,0.0013240814039653
45,CIESM,1,SSP126,2016,2050,0.7051762833223165,0.0019793203648398906
46,CIESM,1,SSP126,2051,2100,0.9927154479509568,0.001831202178585286
47,CIESM,1,SSP245,2016,2050,1.0076169371787387,0.002719521084252526
48,CIESM,1,SSP245,2051,2100,2.130034080540838,0.0032819290550387637
49,CIESM,1,SSP585,2016,2050,0.9812230355915403,0.0027991064331110787
50,CIESM,1,SSP585,2051,2100,3.8513925991128986,0.006262271379937931
51,CIESM,1,historical,1850,1900,-1.209504024469254,-0.0005482425913214684
52,CIESM,1,historical,1900,1950,-0.9317298020798148,-0.00028838710859417914
53,CIESM,1,historical,1950,2000,-0.5067673330003686,0.00019053544849157334
54,CIESM,1,historical,1992,2014,-0.06408262355142824,0.0012714866210113871
55,CMCC-CM2-SR5,1,SSP245,2016,2050,0.6999136383324185,0.0014991606859599844
56,CMCC-CM2-SR5,1,SSP245,2051,2100,2.1256501261262883,0.002138136905066821
57,CMCC-CM2-SR5,1,SSP585,2016,2050,0.9054922689683167,0.001867166775114396
58,CMCC-CM2-SR5,1,SSP585,2051,2100,3.2846455086901187,0.0037433203994011394
59,CMCC-CM2-SR5,1,historical,1850,1900,-1.1084295897591687,-3.261394798755646e-05
60,CMCC-CM2-SR5,1,historical,1900,1950,-0.9934243699227068,0.0002509796991944313
61,CMCC-CM2-SR5,1,historical,1950,2000,-0.6241865746335975,0.0002998078614473343
62,CMCC-CM2-SR5,1,historical,1992,2014,-0.08586229979613336,0.0013906356285918844
63,CMCC-ESM2,1,SSP126,2016,2050,0.5814902538688784,0.0016718951656537898
64,CMCC-ESM2,1,SSP126,2051,2100,1.6773851891598497,0.001433652578567972
65,CMCC-ESM2,1,SSP245,2016,2050,0.6246699132338449,0.0016132536179879133
66,CMCC-ESM2,1,SSP245,2051,2100,2.194433167284501,0.0021627530151483963
67,CMCC-ESM2,1,SSP585,2016,2050,0.7015816060980455,0.0021039282574373134
68,CMCC-ESM2,1,SSP585,2051,2100,3.260285309457288,0.003866754624308372
69,CMCC-ESM2,1,historical,1850,1900,-1.05186819465996,-5.155954509973526e-05
70,CMCC-ESM2,1,historical,1900,1950,-0.9032345472710972,0.00021818134933710098
71,CMCC-ESM2,1,historical,1950,2000,-0.5709938273985244,0.000373210571706295
72,CMCC-ESM2,1,historical,1992,2014,-0.07562197734199572,0.0013169990005818281
73,CanESM5,1,SSP126,2016,2050,1.0494882536819374,0.001954899158547906
74,CanESM5,1,SSP126,2051,2100,1.5950495773514775,0.0012186157308062729
75,CanESM5,1,SSP245,2016,2050,1.194976259823011,0.002232908304123318
76,CanESM5,1,SSP245,2051,2100,2.601528119885387,0.002618646074314507
77,CanESM5,1,SSP585,2016,2050,1.4087315429360387,0.0027616403120405537
78,CanESM5,1,SSP585,2051,2100,4.509516739885356,0.005831337502213562
79,CanESM5,1,historical,1850,1900,-1.288916939750095,-0.00025922863632440557
80,CanESM5,1,historical,1900,1950,-1.1297217578004393,-0.00013471675589680668
81,CanESM5,1,historical,1950,2000,-0.825889334832857,0.00018178715184330937
82,CanESM5,1,historical,1992,2014,-0.08457625422497358,0.0013593809340487824
83,CanESM5,2,SSP126,2016,2050,1.1029056998492024,0.001939366210032912
84,CanESM5,2,SSP126,2051,2100,1.607645254262178,0.0011729119535611604
85,CanESM5,2,SSP245,2016,2050,1.22730309475059,0.0022218632347443526
86,CanESM5,2,SSP245,2051,2100,2.6023971646791155,0.0025570401731802492
87,CanESM5,2,SSP585,2016,2050,1.451579986173573,0.002742217875578824
88,CanESM5,2,SSP585,2051,2100,4.549376717857513,0.0057450679491977295
89,CanESM5,2,historical,1850,1900,-1.2901560850450209,-0.0002645018789917231
90,CanESM5,2,historical,1900,1950,-1.1223430372217422,-0.00012805014662444592
91,CanESM5,2,historical,1950,2000,-0.8304641896682483,0.00018298502173274758
92,CanESM5,2,historical,1992,2014,-0.08985436418391828,0.001373414695262909
93,E3SM-1-1,1,historical,1850,1900,-0.4792215045561079,0.00032582994550466537
94,E3SM-1-1,1,historical,1900,1950,-0.5214428527045811,0.00026493759825825693
95,E3SM-1-1,1,historical,1950,2000,-0.5469366942774627,0.00017297795042395592
96,E3SM-1-1,1,historical,1992,2014,-0.06214463298482542,0.0012855932793833993
97,E3SM-1-1-ECA,1,historical,1850,1900,-0.6075594368397788,0.0002989892289042473
98,E3SM-1-1-ECA,1,historical,1900,1950,-0.6494602519229602,0.00028831103816628456
99,E3SM-1-1-ECA,1,historical,1950,2000,-0.5786557798633112,0.00019919967278838157
100,E3SM-1-1-ECA,1,historical,1992,2014,-0.07436249954537288,0.0013287939469922674
101,EC-Earth3-CC,1,SSP245,2016,2050,0.5685827877334759,0.0017466926399399253
102,EC-Earth3-CC,1,SSP245,2051,2100,1.6428629007605196,0.0021724488054003033
103,EC-Earth3-CC,1,SSP585,2016,2050,0.5915107137864197,0.001975275356979931
104,EC-Earth3-CC,1,SSP585,2051,2100,2.957445566766694,0.004371789949280875
105,EC-Earth3-CC,1,historical,1850,1900,-1.4027734797650169,-0.00011046737432479859
106,EC-Earth3-CC,1,historical,1900,1950,-1.2897697741811953,0.00024022523313760758
107,EC-Earth3-CC,1,historical,1950,2000,-0.6551007325431897,0.00020482487976551057
108,EC-Earth3-CC,1,historical,1992,2014,-0.08047753976194372,0.0011543468995527787
109,EC-Earth3-Veg,1,SSP126,2016,2050,0.6677028643705967,0.0015242487630423378
110,EC-Earth3-Veg,1,SSP126,2051,2100,1.110083051131312,0.001221380899755322
111,EC-Earth3-Veg,1,SSP245,2016,2050,0.7128552498841145,0.0017707828870590996
112,EC-Earth3-Veg,1,SSP245,2051,2100,1.8902871908647398,0.002271849890144504
113,EC-Earth3-Veg,1,SSP585,2016,2050,0.9213605385058941,0.002026891226277632
114,EC-Earth3-Veg,1,SSP585,2051,2100,3.2849386547391077,0.00428476443096083
115,EC-Earth3-Veg,1,historical,1850,1900,-1.3220684628331583,5.144268274307251e-05
116,EC-Earth3-Veg,1,historical,1900,1950,-0.9575471467827583,0.0001666353642940521
117,EC-Earth3-Veg,1,historical,1950,2000,-0.6350626173507976,0.00027120895683765414
118,EC-Earth3-Veg,1,historical,1992,2014,-0.07167544548985916,0.001322049308906902
119,FGOALS-f3-L,1,SSP126,2016,2050,0.6693756528384256,0.001587785451727755
120,FGOALS-f3-L,1,SSP126,2051,2100,0.9150046309954405,0.0008217684772549843
121,FGOALS-f3-L,1,SSP585,2016,2050,0.8322146242074382,0.0021107729305239287
122,FGOALS-f3-L,1,SSP585,2051,2100,2.7829819629452004,0.003746473363467625
123,FGOALS-f3-L,1,historical,1850,1900,-1.0877670296077895,-0.00017397141084074974
124,FGOALS-f3-L,1,historical,1900,1950,-0.9310056269383722,4.3308772146701815e-05
125,FGOALS-f3-L,1,historical,1950,2000,-0.585213338393828,0.00031593237072229384
126,FGOALS-f3-L,1,historical,1992,2014,-0.04601555278094338,0.0010167639702558517
127,FGOALS-g3,1,SSP126,2016,2050,0.46400102641590973,0.0010987504148015788
128,FGOALS-g3,1,SSP126,2051,2100,0.5290303134441198,0.0005363469981417364
129,FGOALS-g3,1,SSP245,2016,2050,0.605206639551966,0.0014587781008552102
130,FGOALS-g3,1,SSP245,2051,2100,1.1870082738879546,0.0014694512498622037
131,FGOALS-g3,1,SSP585,2016,2050,0.6616401608673073,0.0017059105722343221
132,FGOALS-g3,1,SSP585,2051,2100,2.1929424742643278,0.0031070204413667017
133,FGOALS-g3,1,historical,1850,1900,-0.9802967429715181,-0.0005408502370119095
134,FGOALS-g3,1,historical,1900,1950,-0.8553694528313258,-7.997799664735794e-05
135,FGOALS-g3,1,historical,1950,2000,-0.5582987695383963,0.00026629481464624405
136,FGOALS-g3,1,historical,1992,2014,-0.07632820193578027,0.0010779884389855645
137,FIO-ESM-2-0,1,SSP126,2016,2050,0.7389325305631473,0.0015272367015188816
138,FIO-ESM-2-0,1,SSP126,2051,2100,1.0482047733976667,0.0009118497473042027
139,FIO-ESM-2-0,1,SSP245,2016,2050,0.8358917844027474,0.0018920512760386748
140,FIO-ESM-2-0,1,SSP245,2051,2100,1.8386586678250296,0.002014634560565559
141,FIO-ESM-2-0,1,SSP585,2016,2050,0.9214371822984617,0.00214277405072661
142,FIO-ESM-2-0,1,SSP585,2051,2100,3.26253929962661,0.004413274477939217
143,FIO-ESM-2-0,1,historical,1950,2000,-0.5857725678836232,0.00026449503377079964
144,FIO-ESM-2-0,1,historical,1992,2014,-0.057287632743339145,0.0011331918226046996
145,GFDL-CM4,1,SSP245,2016,2050,0.8249766143850366,0.001959740239031175
146,GFDL-CM4,1,SSP245,2051,2100,1.8816062129430406,0.0023779981598562126
147,GFDL-CM4,1,SSP585,2016,2050,0.9464245234345299,0.0022415792679085452
148,GFDL-CM4,1,SSP585,2051,2100,3.1459173756302903,0.004250158460772768
149,GFDL-CM4,1,historical,1850,1900,-0.7184561893076875,8.358117192983628e-05
150,GFDL-CM4,1,historical,1900,1950,-0.7009949573859444,0.0002610003389418125
151,GFDL-CM4,1,historical,1950,2000,-0.5698199534917876,0.00025855889543890953
152,GFDL-CM4,1,historical,1992,2014,-0.07555497005012057,0.0013494975864887238
153,GFDL-ESM4,1,SSP126,2016,2050,0.6077209889131154,0.0014284908333245445
154,GFDL-ESM4,1,SSP126,2051,2100,0.8079829447541442,0.0013128436949788307
155,GFDL-ESM4,1,SSP245,2016,2050,0.6669517599333972,0.0015816771808792563
156,GFDL-ESM4,1,SSP245,2051,2100,1.4098197525913747,0.002154049824695198
157,GFDL-ESM4,1,SSP585,2016,2050,0.7156126918208656,0.001837187063168077
158,GFDL-ESM4,1,SSP585,2051,2100,2.402924334714612,0.0035354373406390753
159,GFDL-ESM4,1,historical,1850,1900,-0.6213635437302969,0.00016350541263818741
160,GFDL-ESM4,1,historical,1900,1950,-0.40670381398115296,7.197849452495576e-05
161,GFDL-ESM4,1,historical,1950,2000,-0.4321437829392494,0.00031733985990285875
162,GFDL-ESM4,1,historical,1992,2014,-0.0732670057714131,0.001161992380564863
163,GISS-E2-1-G,1,historical,1850,1900,-0.7224793600174735,-6.385539472103119e-05
164,GISS-E2-1-G,1,historical,1900,1950,-0.6114178979674932,0.00015287281572818755
165,GISS-E2-1-G,1,historical,1950,2000,-0.4713797052144287,0.0002602132931351662
166,GISS-E2-1-G,1,historical,1992,2014,-0.05417967770200107,0.0011742461303418333
167,GISS-E2-1-G-CC,1,historical,1850,1900,-0.8006205076857213,-0.00016528287902474405
168,GISS-E2-1-G-CC,1,historical,1900,1950,-0.8235448586343068,6.26438856124878e-05
169,GISS-E2-1-G-CC,1,historical,1950,2000,-0.5428469767982165,0.0003002740442752838
170,GISS-E2-1-G-CC,1,historical,1992,2014,-0.06223181922655385,0.0011889460411938753
171,HadGEM3-GC31-LL,1,SSP126,2016,2050,1.1211467642630737,0.0024106108090456795
172,HadGEM3-GC31-LL,1,SSP126,2051,2100,1.8685475872828192,0.001950551204535426
173,HadGEM3-GC31-LL,1,SSP245,2016,2050,1.2451797015588113,0.0024734411169500914
174,HadGEM3-GC31-LL,1,SSP245,2051,2100,2.6542920509074293,0.003092781013371993
175,HadGEM3-GC31-LL,1,SSP585,2016,2050,1.4043543788965422,0.0029056237133986812
176,HadGEM3-GC31-LL,1,SSP585,2051,2100,4.26656513127179,0.005488098123852087
177,HadGEM3-GC31-LL,1,historical,1850,1900,-0.6318843489849655,9.307805448770523e-06
178,HadGEM3-GC31-LL,1,historical,1900,1950,-0.6431345789723764,0.00014524434879422185
179,HadGEM3-GC31-LL,1,historical,1950,2000,-0.5961649113112457,0.0002096974495798349
180,HadGEM3-GC31-LL,1,historical,1992,2014,-0.08317972920219745,0.0014607036316936666
181,HadGEM3-GC31-MM,1,SSP126,2016,2050,1.0293956683322563,0.0022868687177405637
182,HadGEM3-GC31-MM,1,SSP126,2051,2100,1.9696734328119305,0.002191444592816489
183,HadGEM3-GC31-MM,1,SSP585,2016,2050,1.2446607632468272,0.0029051488484529886
184,HadGEM3-GC31-MM,1,SSP585,2051,2100,4.182192728350586,0.0056062997603903006
185,HadGEM3-GC31-MM,1,historical,1850,1900,-0.6811560626584168,0.0001684282533824444
186,HadGEM3-GC31-MM,1,historical,1900,1950,-0.5900265585797229,0.00022401799913495779
187,HadGEM3-GC31-MM,1,historical,1950,2000,-0.5350548488485174,0.00021913518663495778
188,HadGEM3-GC31-MM,1,historical,1992,2014,-0.06820140433281097,0.0013635351153259926
189,INM-CM4-8,1,SSP126,2016,2050,0.46553397021369847,0.0013091833714176627
190,INM-CM4-8,1,SSP126,2051,2100,0.671358882154891,0.0006756290641366219
191,INM-CM4-8,1,SSP245,2016,2050,0.5813349359816584,0.0014527956133379655
192,INM-CM4-8,1,SSP245,2051,2100,1.2632771756069587,0.001334144296694775
193,INM-CM4-8,1,SSP585,2016,2050,0.7422410517559115,0.0017771196058567833
194,INM-CM4-8,1,SSP585,2051,2100,2.3473149816757655,0.0026304150114254076
195,INM-CM4-8,1,historical,1850,1900,-0.8513765566731877,0.0002769914269447327
196,INM-CM4-8,1,historical,1900,1950,-0.6667758534034647,0.00043518371880054476
197,INM-CM4-8,1,historical,1950,2000,-0.43757098818610984,0.00045919086784124375
198,INM-CM4-8,1,historical,1992,2014,-0.06810939519056092,0.0009214304048906673
199,INM-CM5-0,1,SSP126,2016,2050,0.6063109994018419,0.0013339669608017977
200,INM-CM5-0,1,SSP126,2051,2100,0.726943907834027,0.0007472577295741256
201,INM-CM5-0,1,SSP245,2016,2050,0.6037526103974642,0.0014488567762515124
202,INM-CM5-0,1,SSP245,2051,2100,1.2496407245117211,0.0016357968656384215
203,INM-CM5-0,1,SSP585,2016,2050,0.7800737695783369,0.0018689222633838654
204,INM-CM5-0,1,SSP585,2051,2100,2.27786686938299,0.002779271529645336
205,INM-CM5-0,1,historical,1850,1900,-0.7913651168544789,0.00019149862229824065
206,INM-CM5-0,1,historical,1900,1950,-0.5454846115839587,0.00032219555228948596
207,INM-CM5-0,1,historical,1950,2000,-0.41955617064013495,0.0004084586352109909
208,INM-CM5-0,1,historical,1992,2014,-0.06694860952330828,0.0009951729496771638
209,IPSL-CM5A2-INCA,1,SSP126,2016,2050,0.8259282793317198,0.0017794063862632303
210,IPSL-CM5A2-INCA,1,SSP126,2051,2100,2.621308644612668,0.0029516770523421616
211,IPSL-CM5A2-INCA,1,historical,1850,1900,-1.3026430666056967,-0.00039263218641281126
212,IPSL-CM5A2-INCA,1,historical,1900,1950,-1.1172064438364373,-4.140395671129227e-05
213,IPSL-CM5A2-INCA,1,historical,1950,2000,-0.6416595010196033,0.0002894066274166107
214,IPSL-CM5A2-INCA,1,historical,1992,2014,-0.06510855633280244,0.0009777352891185067
215,IPSL-CM6A-LR,1,SSP126,2016,2050,0.7787565927656791,0.001721293208938019
216,IPSL-CM6A-LR,1,SSP126,2051,2100,1.251017913818373,0.0011778101578456205
217,IPSL-CM6A-LR,1,SSP245,2016,2050,0.8807757423037211,0.0019311264303385044
218,IPSL-CM6A-LR,1,SSP245,2051,2100,2.1438501654730544,0.0022799029034011216
219,IPSL-CM6A-LR,1,SSP585,2016,2050,0.9693976023840492,0.0022077793438060613
220,IPSL-CM6A-LR,1,SSP585,2051,2100,3.671343722873246,0.004316207705711832
221,IPSL-CM6A-LR,1,historical,1850,1900,-1.0814230728426537,-5.9706887437237635e-05
222,IPSL-CM6A-LR,1,historical,1900,1950,-0.8730353530629031,0.0001515807749496566
223,IPSL-CM6A-LR,1,historical,1950,2000,-0.5289274142285509,0.0003282662770814366
224,IPSL-CM6A-LR,1,historical,1992,2014,-0.05810799775299655,0.0011595075460846978
225,IPSL-CM6A-LR-INCA,1,historical,1850,1900,-1.0730884402405536,-3.4909620881080626e-05
226,IPSL-CM6A-LR-INCA,1,historical,1900,1950,-1.0923224430458163,0.00025587398558855055
227,IPSL-CM6A-LR-INCA,1,historical,1950,2000,-0.5980520684734074,0.0003612612560391426
228,IPSL-CM6A-LR-INCA,1,historical,1992,2014,-0.05804307909977524,0.0009324763986197385
229,MCM-UA-1-0,1,historical,1850,1900,-1.1051931465477196,-0.0011852966248989106
230,MCM-UA-1-0,1,historical,1900,1950,-0.9003278326195527,-0.00035056278109550475
231,MCM-UA-1-0,1,historical,1950,2000,-0.5232340262217008,0.00016742225736379623
232,MCM-UA-1-0,1,historical,1992,2014,-0.06619772817009562,0.0011174622076478872
233,MIROC6,1,SSP126,2016,2050,0.5533322063387421,0.001852161890151454
234,MIROC6,1,SSP126,2051,2100,0.8457049046690107,0.0015174275150104447
235,MIROC6,1,SSP245,2016,2050,0.5802405062116615,0.0019039226075013478
236,MIROC6,1,SSP245,2051,2100,1.355938636522448,0.002459951302632183
237,MIROC6,1,SSP585,2016,2050,0.6738777105920235,0.0022904264430205026
238,MIROC6,1,SSP585,2051,2100,2.418833687715941,0.0042487644419378166
239,MIROC6,1,historical,1850,1900,-0.5902903823159704,8.493795990943909e-05
240,MIROC6,1,historical,1900,1950,-0.5017175406123329,0.0002150949463248253
241,MIROC6,1,historical,1950,2000,-0.3708798446430137,0.00037647508084774015
242,MIROC6,1,historical,1992,2014,-0.03575023203296723,0.000866444358094172
243,MPI-ESM-1-2-HAM,1,historical,1850,1900,-0.4541252074652675,0.00016021743416786194
244,MPI-ESM-1-2-HAM,1,historical,1900,1950,-0.4107237944448343,0.00029338061809539793
245,MPI-ESM-1-2-HAM,1,historical,1950,2000,-0.41188175353454426,0.00032878100872039793
246,MPI-ESM-1-2-HAM,1,historical,1992,2014,-0.04053023604308237,0.0012716816060922363
247,MPI-ESM1-2-HR,1,SSP126,2016,2050,0.48773874253660665,0.001339864424046348
248,MPI-ESM1-2-HR,1,SSP126,2051,2100,0.6843871888242461,0.0009805714825586397
249,MPI-ESM1-2-HR,1,SSP245,2016,2050,0.607796501402504,0.001709366326822954
250,MPI-ESM1-2-HR,1,SSP245,2051,2100,1.3770024027060686,0.0019176894304703694
251,MPI-ESM1-2-HR,1,SSP585,2016,2050,0.7005728964523428,0.001770401483072954
252,MPI-ESM1-2-HR,1,SSP585,2051,2100,2.3403294780634383,0.003571867030494067
253,MPI-ESM1-2-HR,1,historical,1850,1900,-0.8275648415875594,-0.00024362202733755112
254,MPI-ESM1-2-HR,1,historical,1900,1950,-0.6401962313661897,8.506525307893753e-05
255,MPI-ESM1-2-HR,1,historical,1950,2000,-0.4177565127520211,0.000290957223623991
256,MPI-ESM1-2-HR,1,historical,1992,2014,-0.05580499297843744,0.0010633292523297396
257,MPI-ESM1-2-LR,1,SSP126,2016,2050,0.4435518377878225,0.0013783736994453504
258,MPI-ESM1-2-LR,1,SSP126,2051,2100,0.6526174510554862,0.000936302299402198
259,MPI-ESM1-2-LR,1,SSP245,2016,2050,0.5402042535312338,0.0015919967097978965
260,MPI-ESM1-2-LR,1,SSP245,2051,2100,1.3124393801347765,0.0019682255529222033
261,MPI-ESM1-2-LR,1,SSP585,2016,2050,0.6053191235833424,0.0018141966167033888
262,MPI-ESM1-2-LR,1,SSP585,2051,2100,2.3539196673816227,0.0036831611678713842
263,MPI-ESM1-2-LR,1,historical,1850,1900,-0.8862953480851274,-0.00040941022336483
264,MPI-ESM1-2-LR,1,historical,1900,1950,-0.7395266397430191,-2.544287592172623e-05
265,MPI-ESM1-2-LR,1,historical,1950,2000,-0.4801410966487083,0.00025002913549542426
266,MPI-ESM1-2-LR,1,historical,1992,2014,-0.04471769308401008,0.0010236589746041732
267,MRI-ESM2-0,1,SSP126,2016,2050,0.8199152760720949,0.0023465117110925563
268,MRI-ESM2-0,1,SSP126,2051,2100,1.1166319333599404,0.0019694481577192035
269,MRI-ESM2-0,1,SSP245,2016,2050,0.8586529664375462,0.0024930773412480075
270,MRI-ESM2-0,1,SSP245,2051,2100,1.7955010330638288,0.003031241650484046
271,MRI-ESM2-0,1,SSP585,2016,2050,1.1065856576892656,0.0028301841195891887
272,MRI-ESM2-0,1,SSP585,2051,2100,2.9054030154318866,0.0052746218077990474
273,MRI-ESM2-0,1,historical,1850,1900,-0.7077356322052992,0.00014134425669908523
274,MRI-ESM2-0,1,historical,1900,1950,-0.583408741758717,0.00027397599071264265
275,MRI-ESM2-0,1,historical,1950,2000,-0.4558369280780994,0.00025536540895700456
276,MRI-ESM2-0,1,historical,1992,2014,-0.05759887700418176,0.0013820732181722467
277,NESM3,1,SSP126,2016,2050,0.9210476527038622,0.0017736079719136743
278,NESM3,1,SSP126,2051,2100,1.2226919588827059,0.0011174616460897485
279,NESM3,1,SSP245,2016,2050,0.9283936687367031,0.0020428808296428006
280,NESM3,1,SSP245,2051,2100,1.9060298720482365,0.0020844741743438096
281,NESM3,1,SSP585,2016,2050,1.2097694071913452,0.002446191494955736
282,NESM3,1,SSP585,2051,2100,3.399749941502762,0.004011856049907451
283,NESM3,1,historical,1850,1900,-0.8242466267370219,0.0001111152023077011
284,NESM3,1,historical,1900,1950,-0.6911750522650095,0.00038825348019599915
285,NESM3,1,historical,1950,2000,-0.5086172761622834,0.00023485178127884864
286,NESM3,1,historical,1992,2014,-0.08570777634099613,0.0012947920371185649
287,NorESM2-LM,1,SSP126,2016,2050,0.4670428801305775,0.0022232379106914297
288,NorESM2-LM,1,SSP126,2051,2100,0.698525092756995,0.0020406731233304862
289,NorESM2-LM,1,SSP245,2016,2050,0.5873439653240288,0.002282925242302465
290,NorESM2-LM,1,SSP245,2051,2100,1.3226935749589568,0.0028044348265849005
291,NorESM2-LM,1,SSP585,2016,2050,0.6638960521598847,0.002492506057024002
292,NorESM2-LM,1,SSP585,2051,2100,2.3402745335117743,0.004588186740875244
293,NorESM2-LM,1,historical,1850,1900,-0.5841489508799782,0.0005372514575719833
294,NorESM2-LM,1,historical,1900,1950,-0.5190779709562321,0.0004681936651468277
295,NorESM2-LM,1,historical,1950,2000,-0.4820209212769555,0.00041445434093475344
296,NorESM2-LM,1,historical,1992,2014,-0.07437924569137522,0.0013920512389053
297,NorESM2-MM,1,SSP126,2016,2050,0.6513889376872157,0.002088728634750142
298,NorESM2-MM,1,SSP126,2051,2100,0.886305146956829,0.0018508447980394168
299,NorESM2-MM,1,SSP245,2016,2050,0.6712761306682182,0.0020931391593287975
300,NorESM2-MM,1,SSP245,2051,2100,1.443979714331192,0.002535195831133395
301,NorESM2-MM,1,SSP585,2016,2050,0.8045185568688566,0.0022791746784658995
302,NorESM2-MM,1,SSP585,2051,2100,2.5198748702920852,0.004409151417868478
303,NorESM2-MM,1,historical,1850,1900,-0.4716461031428594,0.00040415119379758833
304,NorESM2-MM,1,historical,1900,1950,-0.4679974663966959,0.00045749913901090624
305,NorESM2-MM,1,historical,1950,2000,-0.38700343821278693,0.00017327625304460525
306,NorESM2-MM,1,historical,1992,2014,-0.02854375014510424,0.0013887920332225885
307,SAM0-UNICON,1,historical,1850,1900,-0.6469212985734885,8.304782211780548e-05
308,SAM0-UNICON,1,historical,1900,1950,-0.6103655920807114,0.00015501249581575393
309,SAM0-UNICON,1,historical,1950,2000,-0.475112820887432,0.00027464140206575396
310,SAM0-UNICON,1,historical,1992,2014,-0.06348390377240776,0.0012570114975625818
311,UKESM1-0-LL,1,SSP126,2016,2050,1.214123845445779,0.002440856794965752
312,UKESM1-0-LL,1,SSP126,2051,2100,1.9878858979135823,0.0020414324158589165
313,UKESM1-0-LL,1,SSP245,2016,2050,1.3315136830572896,0.0027250520446721244
314,UKESM1-0-LL,1,SSP245,2051,2100,2.9399365916814872,0.003282716809486856
315,UKESM1-0-LL,1,SSP585,2016,2050,1.462812681070261,0.0031653432723353888
316,UKESM1-0-LL,1,SSP585,2051,2100,4.595425426489305,0.005783414110845449
317,UKESM1-0-LL,1,historical,1850,1900,-0.6462239018000927,0.00014565713594064992
318,UKESM1-0-LL,1,historical,1900,1950,-0.6269337742230519,0.0001650285142857362
319,UKESM1-0-LL,1,historical,1950,2000,-0.6301028927964112,0.0002000938251833705
320,UKESM1-0-LL,1,historical,1992,2014,-0.0865299854566702,0.0014375516756333132
