,model,run,scenario,startyr,endyr,Tavg,dSdt
0,ACCESS-CM2,r1i1p1f1_gn,historical,1850,1900,-0.6174942650132493,0.00015554718673229217
1,ACCESS-CM2,r1i1p1f1_gn,historical,1900,1950,-0.5883046245950823,8.3821602165699e-05
2,ACCESS-CM2,r1i1p1f1_gn,historical,1950,2000,-0.4431638287017563,0.000325113944709301
3,ACCESS-CM2,r1i1p1f1_gn,historical,1992,2014,-0.06592813735750269,0.001289136538451368
4,ACCESS-ESM1-5,r1i1p1f1_gn,historical,1850,1900,-0.8089585373724617,0.0003439423441886902
5,ACCESS-ESM1-5,r1i1p1f1_gn,historical,1900,1950,-0.7805070901945328,0.000456136092543602
6,ACCESS-ESM1-5,r1i1p1f1_gn,historical,1950,2000,-0.6963045573700128,0.000795491561293602
7,ACCESS-ESM1-5,r1i1p1f1_gn,historical,1992,2014,-0.09485506484247708,0.0015342018821022727
8,BCC-CSM2-MR,r1i1p1f1_gn,historical,1850,1900,-0.6589995582924075,0.00045140132308006285
9,BCC-CSM2-MR,r1i1p1f1_gn,historical,1900,1950,-0.6363329197492931,0.000641682893037796
10,BCC-CSM2-MR,r1i1p1f1_gn,historical,1950,2000,-0.4138244299646203,0.001024983748793602
11,BCC-CSM2-MR,r1i1p1f1_gn,historical,1992,2014,-0.06501476894419511,0.0018800676546313546
12,BCC-CSM2-MR,r2i1p1f1_gn,historical,1850,1900,-1.0245120115628765,0.00026097163558006284
13,BCC-CSM2-MR,r2i1p1f1_gn,historical,1900,1950,-0.9844715472833627,0.000540771409869194
14,BCC-CSM2-MR,r2i1p1f1_gn,historical,1950,2000,-0.6841982573939163,0.000772705078125
15,BCC-CSM2-MR,r2i1p1f1_gn,historical,1992,2014,-0.06417581140829043,0.0016571970825845544
16,BCC-CSM2-MR,r3i1p1f1_gn,historical,1850,1900,-0.8610965756370206,0.00012414183467626572
17,BCC-CSM2-MR,r3i1p1f1_gn,historical,1900,1950,-0.8267950420674879,0.000165608711540699
18,BCC-CSM2-MR,r3i1p1f1_gn,historical,1950,2000,-0.5712359684629291,0.0001761881448328495
19,BCC-CSM2-MR,r3i1p1f1_gn,historical,1992,2014,-0.0718692711575386,0.0012808135625990954
20,BCC-ESM1,r1i1p1f1_gn,historical,1850,1900,-0.4671547575248951,0.00010165128856897355
21,BCC-ESM1,r1i1p1f1_gn,historical,1900,1950,-0.4286453819418057,0.0001680501364171505
22,BCC-ESM1,r1i1p1f1_gn,historical,1950,2000,-0.5066916756633191,0.000186767578125
23,BCC-ESM1,r1i1p1f1_gn,historical,1992,2014,-0.06097680364143798,0.0013131805780259046
24,BCC-ESM1,r2i1p1f1_gn,historical,1850,1900,-0.564007407741542,5.55974617600441e-05
25,BCC-ESM1,r2i1p1f1_gn,historical,1900,1950,-0.45849322935299597,0.0001448567770421505
26,BCC-ESM1,r2i1p1f1_gn,historical,1950,2000,-0.4960694608325298,0.0001957193948328495
27,BCC-ESM1,r2i1p1f1_gn,historical,1992,2014,-0.06958062113835695,0.0013473973694172773
28,BCC-ESM1,r3i1p1f1_gn,historical,1850,1900,-0.4753075930561863,0.00028871476650238037
29,BCC-ESM1,r3i1p1f1_gn,historical,1900,1950,-0.4657974252925783,0.000587158128619194
30,BCC-ESM1,r3i1p1f1_gn,historical,1950,2000,-0.5752089538863743,0.000704752653837204
31,BCC-ESM1,r3i1p1f1_gn,historical,1992,2014,-0.08310559018036656,0.0013520211320031774
32,CAMS-CSM1-0,r1i1p1f1_gn,historical,1850,1900,-0.6542680539902221,0.0001506643369793892
33,CAMS-CSM1-0,r1i1p1f1_gn,historical,1900,1950,-0.520867763432534,0.00014485675841569901
34,CAMS-CSM1-0,r1i1p1f1_gn,historical,1950,2000,-0.32726915273190116,0.000443929024040699
35,CAMS-CSM1-0,r1i1p1f1_gn,historical,1992,2014,-0.04888084546018945,0.0019263066351413727
36,CanESM5,r10i1p1f1_gn,historical,1850,1900,-1.2666537880282362,5.7151094079017636e-05
37,CanESM5,r10i1p1f1_gn,historical,1900,1950,-1.1207246864771605,0.000179443359375
38,CanESM5,r10i1p1f1_gn,historical,1950,2000,-0.8763489099324602,0.000500895194709301
39,CanESM5,r10i1p1f1_gn,historical,1992,2014,-0.10720667220221003,0.001681241122159091
40,CanESM5,r10i1p2f1_gn,historical,1850,1900,-1.2835501589461842,1.953125e-05
41,CanESM5,r10i1p2f1_gn,historical,1900,1950,-1.1573592964841168,0.000198567695915699
42,CanESM5,r10i1p2f1_gn,historical,1950,2000,-0.8955555478950714,0.000469970703125
43,CanESM5,r10i1p2f1_gn,historical,1992,2014,-0.1021596181269615,0.001681241122159091
44,CanESM5,r11i1p1f1_gn,historical,1850,1900,-1.2917429519634993,7.57206231355667e-05
45,CanESM5,r11i1p1f1_gn,historical,1900,1950,-1.1337381689673407,0.00016031898558139802
46,CanESM5,r11i1p1f1_gn,historical,1950,2000,-0.7839823180804615,0.000486246757209301
47,CanESM5,r11i1p1f1_gn,historical,1992,2014,-0.07033870105152573,0.0015610204162922773
48,CanESM5,r12i1p1f1_gn,historical,1850,1900,-1.3340899040367162,8.763164281845092e-05
49,CanESM5,r12i1p1f1_gn,historical,1900,1950,-1.1656294516269554,0.00015665691345930098
50,CanESM5,r12i1p1f1_gn,historical,1950,2000,-0.810338781174039,0.000486246757209301
51,CanESM5,r12i1p1f1_gn,historical,1992,2014,-0.06611296649532505,0.00175244886089455
52,CanESM5,r13i1p1f1_gn,historical,1850,1900,-1.3353263013372612,-1.9494220614433287e-05
53,CanESM5,r13i1p1f1_gn,historical,1900,1950,-1.151738685300927,0.000181070938706398
54,CanESM5,r13i1p1f1_gn,historical,1950,2000,-0.8543504268738502,0.000497233085334301
55,CanESM5,r13i1p1f1_gn,historical,1992,2014,-0.10012352775112277,0.001701586287130009
56,CanESM5,r14i1p1f1_gn,historical,1850,1900,-1.2995628020014465,5.955547094345093e-06
57,CanESM5,r14i1p1f1_gn,historical,1900,1950,-1.1648416006585194,0.000210367850959301
58,CanESM5,r14i1p1f1_gn,historical,1950,2000,-0.9123672560029945,0.000474853515625
59,CanESM5,r14i1p1f1_gn,historical,1992,2014,-0.08716258455984871,0.0018440014259381728
60,CanESM5,r15i1p1f1_gn,historical,1850,1900,-1.2866496852793148,0.00010964132845401764
61,CanESM5,r15i1p1f1_gn,historical,1900,1950,-1.104745534443282,0.000137125663459301
62,CanESM5,r15i1p1f1_gn,historical,1950,2000,-0.8567422278985077,0.000537109375
63,CanESM5,r15i1p1f1_gn,historical,1992,2014,-0.1018210315955912,0.0015129321678118272
64,CanESM5,r16i1p1f1_gn,historical,1850,1900,-1.235677332606599,3.491945564746857e-05
65,CanESM5,r16i1p1f1_gn,historical,1900,1950,-1.051793706057481,0.000222981795668602
66,CanESM5,r16i1p1f1_gn,historical,1950,2000,-0.7683115450523701,0.000494384765625
67,CanESM5,r16i1p1f1_gn,historical,1992,2014,-0.06866619749092706,0.001685864884744991
68,CanESM5,r17i1p1f1_gn,historical,1850,1900,-1.2966652907122693,5.186140537261963e-05
69,CanESM5,r17i1p1f1_gn,historical,1900,1950,-1.1293747987351708,0.00017211910337209703
70,CanESM5,r17i1p1f1_gn,historical,1950,2000,-0.8652637393671512,0.000519612655043602
71,CanESM5,r17i1p1f1_gn,historical,1992,2014,-0.07898568611858536,0.0016470243307677183
72,CanESM5,r18i1p1f1_gn,historical,1850,1900,-1.367600495478655,9.011007845401765e-05
73,CanESM5,r18i1p1f1_gn,historical,1900,1950,-1.2089954053130896,0.000192464180290699
74,CanESM5,r18i1p1f1_gn,historical,1950,2000,-0.877394607354006,0.00049560546875
75,CanESM5,r18i1p1f1_gn,historical,1992,2014,-0.0853306487632608,0.0017237808894027364
76,CanESM5,r19i1p1f1_gn,historical,1850,1900,-1.308222974465025,3.321792930364609e-05
77,CanESM5,r19i1p1f1_gn,historical,1900,1950,-1.1035113688931233,0.000150553397834301
78,CanESM5,r19i1p1f1_gn,historical,1950,2000,-0.8701221143310818,0.000445556640625
79,CanESM5,r19i1p1f1_gn,historical,1992,2014,-0.09505679202129613,0.001645174893465909
80,CanESM5,r1i1p1f1_gn,historical,1850,1900,-1.226793685526161,5.2453204989433286e-05
81,CanESM5,r1i1p1f1_gn,historical,1900,1950,-1.0794076797890284,0.00010986331850290298
82,CanESM5,r1i1p1f1_gn,historical,1950,2000,-0.7512275893404876,0.0005118814855813981
83,CanESM5,r1i1p1f1_gn,historical,1992,2014,-0.08527174833250228,0.001701586117798632
84,CanESM5,r1i1p2f1_gn,historical,1850,1900,-1.3373386854718206,0.00010875351727008819
85,CanESM5,r1i1p2f1_gn,historical,1900,1950,-1.0963456115773056,0.000143229179084301
86,CanESM5,r1i1p2f1_gn,historical,1950,2000,-0.8237362061670979,0.000507405586540699
87,CanESM5,r1i1p2f1_gn,historical,1992,2014,-0.09184437940854195,0.0016618208451704545
88,CanESM5,r20i1p1f1_gn,historical,1850,1900,-1.261877129421464,9.129375219345093e-05
89,CanESM5,r20i1p1f1_gn,historical,1900,1950,-1.1143645019372457,0.000190022811293602
90,CanESM5,r20i1p1f1_gn,historical,1950,2000,-0.8192337250844162,0.000502522774040699
91,CanESM5,r20i1p1f1_gn,historical,1992,2014,-0.08776946429162535,0.0017145330255681818
92,CanESM5,r21i1p1f1_gn,historical,1850,1900,-1.3193661958821394,3.787882626056671e-05
93,CanESM5,r21i1p1f1_gn,historical,1900,1950,-1.0818879943570892,0.000243326798081398
94,CanESM5,r21i1p1f1_gn,historical,1950,2000,-0.7958895024945605,0.000543619804084301
95,CanESM5,r21i1p1f1_gn,historical,1992,2014,-0.0915681280544618,0.0016978870738636363
96,CanESM5,r22i1p1f1_gn,historical,1850,1900,-1.3416342299285589,0.00017359882593154908
97,CanESM5,r22i1p1f1_gn,historical,1900,1950,-1.2051596453334241,0.00015299476683139801
98,CanESM5,r22i1p1f1_gn,historical,1950,2000,-0.7992484066249403,0.000567626953125
99,CanESM5,r22i1p1f1_gn,historical,1992,2014,-0.08448050373885962,0.0016701438210227273
100,CanESM5,r23i1p1f1_gn,historical,1850,1900,-1.344260564507465,0.00010379679501056672
101,CanESM5,r23i1p1f1_gn,historical,1900,1950,-1.135732044118697,0.000214843712747097
102,CanESM5,r23i1p1f1_gn,historical,1950,2000,-0.8826627668075275,0.00047119140625
103,CanESM5,r23i1p1f1_gn,historical,1992,2014,-0.07886082113054727,0.0015471487898718226
104,CanESM5,r24i1p1f1_gn,historical,1850,1900,-1.3444582420401616,0.00014452390372753142
105,CanESM5,r24i1p1f1_gn,historical,1900,1950,-1.2113605177268028,0.000142008438706398
106,CanESM5,r24i1p1f1_gn,historical,1950,2000,-0.8432769440527181,0.000548909492790699
107,CanESM5,r24i1p1f1_gn,historical,1992,2014,-0.08513442879120703,0.0016932631419463592
108,CanESM5,r25i1p1f1_gn,historical,1850,1900,-1.254471244870274,-3.8988515734672545e-05
109,CanESM5,r25i1p1f1_gn,historical,1900,1950,-1.0830521263163178,0.000227864608168602
110,CanESM5,r25i1p1f1_gn,historical,1950,2000,-0.8405987832784376,0.000464680977165699
111,CanESM5,r25i1p1f1_gn,historical,1992,2014,-0.07282582557428441,0.0017182320695031774
112,CanESM5,r2i1p1f1_gn,historical,1850,1900,-1.1663750400281288,3.7915781140327456e-05
113,CanESM5,r2i1p1f1_gn,historical,1900,1950,-1.0545079036488687,0.000250244177877903
114,CanESM5,r2i1p1f1_gn,historical,1950,2000,-0.7095648714407616,0.000419514961540699
115,CanESM5,r2i1p1f1_gn,historical,1992,2014,-0.07092881647616878,0.0016830907287922773
116,CanESM5,r2i1p2f1_gn,historical,1850,1900,-1.263679813853173,-2.8926953673362734e-05
117,CanESM5,r2i1p2f1_gn,historical,1900,1950,-1.064064111909488,0.000218098945915699
118,CanESM5,r2i1p2f1_gn,historical,1950,2000,-0.744426527870985,0.000509033203125
119,CanESM5,r2i1p2f1_gn,historical,1992,2014,-0.09465016357341938,0.0016497988253831863
120,CanESM5,r3i1p1f1_gn,historical,1850,1900,-1.2234106377076728,0.00010753281414508819
121,CanESM5,r3i1p1f1_gn,historical,1900,1950,-1.0931343228135688,8.6263008415699e-05
122,CanESM5,r3i1p1f1_gn,historical,1950,2000,-0.756570242270584,0.000476888045668602
123,CanESM5,r3i1p1f1_gn,historical,1992,2014,-0.08934724866145416,0.001563794572244991
124,CanESM5,r3i1p2f1_gn,historical,1850,1900,-1.2123136062780873,0.000145263671875
125,CanESM5,r3i1p2f1_gn,historical,1900,1950,-1.0402274805014144,0.000153401680290699
126,CanESM5,r3i1p2f1_gn,historical,1950,2000,-0.8208023473918047,0.000498046875
127,CanESM5,r3i1p2f1_gn,historical,1992,2014,-0.09742039928744362,0.0016969621858813546
128,CanESM5,r4i1p1f1_gn,historical,1850,1900,-1.3712314064556494,5.35999983549118e-05
129,CanESM5,r4i1p1f1_gn,historical,1900,1950,-1.1439847652785033,0.000216878242790699
130,CanESM5,r4i1p1f1_gn,historical,1950,2000,-0.8751506462050997,0.00041219078004360197
131,CanESM5,r4i1p1f1_gn,historical,1992,2014,-0.10033181301793093,0.0017505992542613637
132,CanESM5,r4i1p2f1_gn,historical,1850,1900,-1.2666179030567832,-1.1836737394332886e-06
133,CanESM5,r4i1p2f1_gn,historical,1900,1950,-1.161210821857992,0.000190022774040699
134,CanESM5,r4i1p2f1_gn,historical,1950,2000,-0.7612913660148024,0.000493570938706398
135,CanESM5,r4i1p2f1_gn,historical,1992,2014,-0.07864922364223048,0.0017173073508522727
136,CanESM5,r5i1p1f1_gn,historical,1850,1900,-1.2025996045201168,3.8359612226486206e-05
137,CanESM5,r5i1p1f1_gn,historical,1900,1950,-1.1393737989926649,0.000195719413459301
138,CanESM5,r5i1p1f1_gn,historical,1950,2000,-0.7957154112411331,0.000537109375
139,CanESM5,r5i1p1f1_gn,historical,1992,2014,-0.08035332832537279,0.0016433254561641
140,CanESM5,r5i1p2f1_gn,historical,1850,1900,-1.3262200327925484,9.595461189746856e-05
141,CanESM5,r5i1p2f1_gn,historical,1900,1950,-1.1482506599936073,0.000183105506002903
142,CanESM5,r5i1p2f1_gn,historical,1950,2000,-0.9322710607146405,0.000455322265625
143,CanESM5,r5i1p2f1_gn,historical,1992,2014,-0.11009675593521706,0.0015693432228131728
144,CanESM5,r6i1p1f1_gn,historical,1850,1900,-1.3102782269023123,-2.2342577576637268e-05
145,CanESM5,r6i1p1f1_gn,historical,1900,1950,-1.0843435682293148,0.00017781578004360198
146,CanESM5,r6i1p1f1_gn,historical,1950,2000,-0.7934593923787361,0.000528157539665699
147,CanESM5,r6i1p1f1_gn,historical,1992,2014,-0.07042641859982268,0.0017459753223440864
148,CanESM5,r6i1p2f1_gn,historical,1850,1900,-1.2907108269897094,-6.277367472648621e-05
149,CanESM5,r6i1p2f1_gn,historical,1900,1950,-1.1275613563799425,0.000255126915872097
150,CanESM5,r6i1p2f1_gn,historical,1950,2000,-0.8158451991837978,0.0004931640625
151,CanESM5,r6i1p2f1_gn,historical,1992,2014,-0.08604586758173127,0.0016026352955536408
152,CanESM5,r7i1p1f1_gn,historical,1850,1900,-1.2609950664215148,4.953101277351379e-05
153,CanESM5,r7i1p1f1_gn,historical,1900,1950,-1.141992434968131,0.00018025714904069902
154,CanESM5,r7i1p1f1_gn,historical,1950,2000,-0.7954082642216349,0.000535481758415699
155,CanESM5,r7i1p1f1_gn,historical,1992,2014,-0.07773948065175773,0.001655347475951368
156,CanESM5,r7i1p2f1_gn,historical,1850,1900,-1.3591116377954222,-9.321719408035279e-06
157,CanESM5,r7i1p2f1_gn,historical,1900,1950,-1.097081558480852,0.00019287109375
158,CanESM5,r7i1p2f1_gn,historical,1950,2000,-0.8169559409274143,0.000552571602165699
159,CanESM5,r7i1p2f1_gn,historical,1992,2014,-0.06813137878623365,0.0015471486205404456
160,CanESM5,r8i1p1f1_gn,historical,1850,1900,-1.3490102897104634,-1.2946873903274537e-06
161,CanESM5,r8i1p1f1_gn,historical,1900,1950,-1.2660578690696411,0.000230305977165699
162,CanESM5,r8i1p1f1_gn,historical,1950,2000,-0.9569349429900171,0.000457763671875
163,CanESM5,r8i1p1f1_gn,historical,1992,2014,-0.09103360753971401,0.0016830907287922773
164,CanESM5,r8i1p2f1_gn,historical,1850,1900,-1.1982042683136456,5.411781370639801e-05
165,CanESM5,r8i1p2f1_gn,historical,1900,1950,-1.0903765240060466,0.00013916019350290298
166,CanESM5,r8i1p2f1_gn,historical,1950,2000,-0.7685404204605106,0.00052734375
167,CanESM5,r8i1p2f1_gn,historical,1992,2014,-0.06826757119063132,0.0017579975114627318
168,CanESM5,r9i1p1f1_gn,historical,1850,1900,-1.223970403921271,5.0381720066070556e-05
169,CanESM5,r9i1p1f1_gn,historical,1900,1950,-1.0735913659586345,0.00016357421875
170,CanESM5,r9i1p1f1_gn,historical,1950,2000,-0.7570699563234484,0.000520833320915699
171,CanESM5,r9i1p1f1_gn,historical,1992,2014,-0.08752991438893787,0.0016969623552127318
172,CanESM5,r9i1p2f1_gn,historical,1850,1900,-1.3638139169528358,0.00017363578081130981
173,CanESM5,r9i1p2f1_gn,historical,1900,1950,-1.2409529510266566,9.602863341569901e-05
174,CanESM5,r9i1p2f1_gn,historical,1950,2000,-0.9252172800563585,0.000291748046875
175,CanESM5,r9i1p2f1_gn,historical,1992,2014,-0.10127828430677255,0.0012567693536931818
176,CESM2,r11i1p1f1_gr,historical,1850,1900,-0.7112384436493926,5.741005763411522e-05
177,CESM2,r11i1p1f1_gr,historical,1900,1950,-0.6549944883457215,0.00014404296875
178,CESM2,r11i1p1f1_gr,historical,1950,2000,-0.5152400949423281,0.00015869140625
179,CESM2,r11i1p1f1_gr,historical,1992,2014,-0.06291595688696816,0.0013316761363636363
180,CESM2,r2i1p1f1_gr,historical,1850,1900,-0.9707167463753308,0.000131429024040699
181,CESM2,r2i1p1f1_gr,historical,1900,1950,-0.8488823090773963,0.000143229179084301
182,CESM2,r2i1p1f1_gr,historical,1950,2000,-0.6408158672169861,0.000208740234375
183,CESM2,r2i1p1f1_gr,historical,1992,2014,-0.08085667816493469,0.0012983842329545455
184,CESM2,r4i1p1f1_gr,historical,1850,1900,-0.8951737446750485,0.00016324132680892945
185,CESM2,r4i1p1f1_gr,historical,1900,1950,-0.756035173733494,0.0001957193948328495
186,CESM2,r4i1p1f1_gr,historical,1950,2000,-0.5243329747474377,0.0002901204489171505
187,CESM2,r4i1p1f1_gr,historical,1992,2014,-0.054120916590989054,0.0012549197470599954
188,CESM2,r6i1p1f1_gr,historical,1850,1900,-0.9478895424765028,0.0002367054671049118
189,CESM2,r6i1p1f1_gr,historical,1900,1950,-0.8150037800622272,0.0001904296875
190,CESM2,r6i1p1f1_gr,historical,1950,2000,-0.6448205595768854,0.0002400716207921505
191,CESM2,r6i1p1f1_gr,historical,1992,2014,-0.06309194252230554,0.0015018348666754637
192,CESM2,r8i1p1f1_gr,historical,1850,1900,-0.8671332456613072,0.000612386018037796
193,CESM2,r8i1p1f1_gr,historical,1900,1950,-0.7184977053764214,0.000873209685087204
194,CESM2,r8i1p1f1_gr,historical,1950,2000,-0.5853089760890953,0.001352132111787796
195,CESM2,r8i1p1f1_gr,historical,1992,2014,-0.063593351294287,0.0024330832741477275
196,CIESM,r1i1p1f1_gn,historical,1850,1900,-1.209504024469254,0.0004305383563041687
197,CIESM,r1i1p1f1_gn,historical,1900,1950,-0.9317298020798148,0.000714518204331398
198,CIESM,r1i1p1f1_gn,historical,1950,2000,-0.5067673330003686,0.000763346329331398
199,CIESM,r1i1p1f1_gn,historical,1992,2014,-0.06408262355142824,0.001854174177755009
200,CMCC-CM2-SR5,r1i1p1f1_gn,historical,1850,1900,-1.1084295897591687,0.00038907140493392943
201,CMCC-CM2-SR5,r1i1p1f1_gn,historical,1900,1950,-0.9934243699227068,0.0006591796875
202,CMCC-CM2-SR5,r1i1p1f1_gn,historical,1950,2000,-0.6241865746335975,0.000814208984375
203,CMCC-CM2-SR5,r1i1p1f1_gn,historical,1992,2014,-0.08586229979613336,0.0017579973421313546
204,CNRM-ESM2-1,r5i1p1f2_gn,historical,1850,1900,-0.5359357678573815,2.167673781514168e-05
205,CNRM-ESM2-1,r5i1p1f2_gn,historical,1900,1950,-0.550837685287604,-3.9469404146075246e-05
206,CNRM-ESM2-1,r5i1p1f2_gn,historical,1950,2000,-0.5372831124564073,-0.00013142904266715048
207,CNRM-ESM2-1,r5i1p1f2_gn,historical,1992,2014,-0.042780455790136784,0.0009811863472515886
208,E3SM-1-1,r1i1p1f1_gr,historical,1850,1900,-0.4792215045561079,6.255178246647119e-05
209,E3SM-1-1,r1i1p1f1_gr,historical,1900,1950,-0.5214428527045811,5.167643539607525e-05
210,E3SM-1-1,r1i1p1f1_gr,historical,1950,2000,-0.5469366942774627,-3.7434895057231186e-05
211,E3SM-1-1,r1i1p1f1_gr,historical,1992,2014,-0.06214463298482542,0.0010921594432809136
212,E3SM-1-1-ECA,r1i1p1f1_gr,historical,1850,1900,-0.6075594368397788,8.981421589851379e-05
213,E3SM-1-1-ECA,r1i1p1f1_gr,historical,1900,1950,-0.6494602519229602,0.000440673790872097
214,E3SM-1-1-ECA,r1i1p1f1_gr,historical,1950,2000,-0.5786557798633112,0.0004052734375
215,E3SM-1-1-ECA,r1i1p1f1_gr,historical,1992,2014,-0.07436249954537288,0.0013547954572872682
216,EC-Earth3-CC,r1i1p1f1_gn,historical,1850,1900,-1.4027734797650169,0.00035859085619449615
217,EC-Earth3-CC,r1i1p1f1_gn,historical,1900,1950,-1.2897697741811953,0.000474039688706398
218,EC-Earth3-CC,r1i1p1f1_gn,historical,1950,2000,-0.6551007325431897,0.00057861328125
219,EC-Earth3-CC,r1i1p1f1_gn,historical,1992,2014,-0.08047753976194372,0.0016294536604122682
220,EC-Earth3-Veg,r1i1p1f1_gn,historical,1850,1900,-1.3220684628331583,0.00018687859177589415
221,EC-Earth3-Veg,r1i1p1f1_gn,historical,1900,1950,-0.9575471467827583,0.000404459610581398
222,EC-Earth3-Veg,r1i1p1f1_gn,historical,1950,2000,-0.6350626173507976,0.000677083358168602
223,EC-Earth3-Veg,r1i1p1f1_gn,historical,1992,2014,-0.07167544548985916,0.0013779149475422773
224,FGOALS-f3-L,r1i1p1f1_gn,historical,1850,1900,-1.0877670296077895,-0.00182861328125
225,FGOALS-f3-L,r1i1p1f1_gn,historical,1900,1950,-0.9310056269383722,-0.001368815004825592
226,FGOALS-f3-L,r1i1p1f1_gn,historical,1950,2000,-0.585213338393828,-0.001022542342543602
227,FGOALS-f3-L,r1i1p1f1_gn,historical,1992,2014,-0.04601555278094338,-0.0002108487215909091
228,FGOALS-g3,r1i1p1f1_gn,historical,1950,2000,-0.5582987695383963,0.000673828125
229,FGOALS-g3,r1i1p1f1_gn,historical,1992,2014,-0.07632820193578027,0.0015425248579545455
230,FIO-ESM-2-0,r1i1p1f1_gn,historical,1850,1900,-1.1764135636752826,0.00042613640427589415
231,FIO-ESM-2-0,r1i1p1f1_gn,historical,1900,1950,-0.9877998972109481,0.000603841133415699
232,FIO-ESM-2-0,r1i1p1f1_gn,historical,1950,2000,-0.5857725678836232,0.000601399764418602
233,FIO-ESM-2-0,r1i1p1f1_gn,historical,1992,2014,-0.057287632743339145,0.0016923384232954545
234,GFDL-CM4,r1i1p1f1_gn,historical,1850,1900,-0.7184561893076875,0.0002655954286456108
235,GFDL-CM4,r1i1p1f1_gn,historical,1900,1950,-0.7009949573859444,0.00017415367066860198
236,GFDL-CM4,r1i1p1f1_gn,historical,1950,2000,-0.5698199534917876,0.000419514961540699
237,GFDL-CM4,r1i1p1f1_gn,historical,1992,2014,-0.07555497005012057,0.00126416761089455
238,GFDL-ESM4,r1i1p1f1_gn,historical,1850,1900,-0.6213635437302969,-1.8902383744716643e-05
239,GFDL-ESM4,r1i1p1f1_gn,historical,1900,1950,-0.40670381398115296,0.0002921549417078495
240,GFDL-ESM4,r1i1p1f1_gn,historical,1950,2000,-0.4321437829392494,0.000263264961540699
241,GFDL-ESM4,r1i1p1f1_gn,historical,1992,2014,-0.0732670057714131,0.00123827379535545
242,GISS-E2-1-G,r10i1p1f1_gn,historical,1850,1900,-0.684737784403012,2.171371132135391e-05
243,GISS-E2-1-G,r10i1p1f1_gn,historical,1900,1950,-0.583097891016962,0.000267740860581398
244,GISS-E2-1-G,r10i1p1f1_gn,historical,1950,2000,-0.42558833397436047,0.000335286483168602
245,GISS-E2-1-G,r10i1p1f1_gn,historical,1992,2014,-0.048133139302763084,0.00117261487651955
246,GISS-E2-1-G,r1i1p1f1_gn,historical,1850,1900,-0.6701585783718542,1.3353750109672546e-05
247,GISS-E2-1-G,r1i1p1f1_gn,historical,1900,1950,-0.5616533870672242,0.000295410118997097
248,GISS-E2-1-G,r1i1p1f1_gn,historical,1950,2000,-0.46897086726909265,0.000379638671875
249,GISS-E2-1-G,r1i1p1f1_gn,historical,1992,2014,-0.03766554900732899,0.001258618960326368
250,GISS-E2-1-G,r2i1p1f1_gn,historical,1850,1900,-0.7156207890939754,8.43394547700882e-05
251,GISS-E2-1-G,r2i1p1f1_gn,historical,1900,1950,-0.6361114348658816,0.000251057930290699
252,GISS-E2-1-G,r2i1p1f1_gn,historical,1950,2000,-0.416123821321321,0.000347493514418602
253,GISS-E2-1-G,r2i1p1f1_gn,historical,1992,2014,-0.04963266188377702,0.0012761896306818182
254,GISS-E2-1-G,r3i1p1f1_gn,historical,1850,1900,-0.7769761483846196,0.00011263757944107055
255,GISS-E2-1-G,r3i1p1f1_gn,historical,1900,1950,-0.6683411130256331,0.000158284492790699
256,GISS-E2-1-G,r3i1p1f1_gn,historical,1950,2000,-0.5015825200904374,0.000378824882209301
257,GISS-E2-1-G,r3i1p1f1_gn,historical,1992,2014,-0.044909118706186746,0.0012919107790697706
258,GISS-E2-1-G,r4i1p1f1_gn,historical,1850,1900,-0.6966733905592832,1.220703125e-05
259,GISS-E2-1-G,r4i1p1f1_gn,historical,1900,1950,-0.5654045169558799,0.000216878242790699
260,GISS-E2-1-G,r4i1p1f1_gn,historical,1950,2000,-0.49266412729053854,0.000423990897834301
261,GISS-E2-1-G,r4i1p1f1_gn,historical,1992,2014,-0.05840922588333797,0.0012965346263213592
262,GISS-E2-1-G,r5i1p1f1_gn,historical,1850,1900,-0.7103881082921362,-7.398426532745361e-08
263,GISS-E2-1-G,r5i1p1f1_gn,historical,1900,1950,-0.5881949904473913,0.000270589180290699
264,GISS-E2-1-G,r5i1p1f1_gn,historical,1950,2000,-0.46509910586831893,0.0003466796875
265,GISS-E2-1-G,r5i1p1f1_gn,historical,1992,2014,-0.0769920383551721,0.0012456720525568182
266,GISS-E2-1-G,r6i1p1f1_gn,historical,1850,1900,-0.7308234483233491,1.2724921107292176e-05
267,GISS-E2-1-G,r6i1p1f1_gn,historical,1900,1950,-0.6108734915420655,0.000235188789665699
268,GISS-E2-1-G,r6i1p1f1_gn,historical,1950,2000,-0.5039842552137657,0.000322672538459301
269,GISS-E2-1-G,r6i1p1f1_gn,historical,1992,2014,-0.06392279175082649,0.0012734153053977273
270,GISS-E2-1-G,r7i1p1f1_gn,historical,1850,1900,-0.750170234455652,3.680601716041565e-05
271,GISS-E2-1-G,r7i1p1f1_gn,historical,1900,1950,-0.5968417997945608,0.00022013347595930099
272,GISS-E2-1-G,r7i1p1f1_gn,historical,1950,2000,-0.46271436496715523,0.000395100936293602
273,GISS-E2-1-G,r7i1p1f1_gn,historical,1992,2014,-0.04594623151791666,0.0014500472355972636
274,GISS-E2-1-G,r8i1p1f1_gn,historical,1850,1900,-0.7574937921613127,-1.0357424616813659e-06
275,GISS-E2-1-G,r8i1p1f1_gn,historical,1900,1950,-0.6730602714812335,0.000234375
276,GISS-E2-1-G,r8i1p1f1_gn,historical,1950,2000,-0.5049213047156513,0.000322265625
277,GISS-E2-1-G,r8i1p1f1_gn,historical,1992,2014,-0.06505006722244389,0.0011522697962143204
278,GISS-E2-1-G,r9i1p1f1_gn,historical,1850,1900,-0.7317513261295403,-6.240382790565491e-05
279,GISS-E2-1-G,r9i1p1f1_gn,historical,1900,1950,-0.6306000834781003,0.000165608711540699
280,GISS-E2-1-G,r9i1p1f1_gn,historical,1950,2000,-0.47214835143364553,0.000403238944709301
281,GISS-E2-1-G,r9i1p1f1_gn,historical,1992,2014,-0.05113595339025778,0.001291910863735459
282,GISS-E2-1-G-CC,r1i1p1f1_gn,historical,1850,1900,-0.8006205076857213,0.00012943152338266373
283,GISS-E2-1-G-CC,r1i1p1f1_gn,historical,1900,1950,-0.8235448586343068,0.000168050155043602
284,GISS-E2-1-G-CC,r1i1p1f1_gn,historical,1950,2000,-0.5428469767982165,0.000338948555290699
285,GISS-E2-1-G-CC,r1i1p1f1_gn,historical,1992,2014,-0.06223181922655385,0.0016525729813359
286,HadGEM3-GC31-LL,r1i1p1f3_gn,historical,1850,1900,-0.7459089893893065,7.531367242336273e-05
287,HadGEM3-GC31-LL,r1i1p1f3_gn,historical,1900,1950,-0.7680726473384425,0.000388183631002903
288,HadGEM3-GC31-LL,r1i1p1f3_gn,historical,1950,2000,-0.6924736206780722,0.0002860514260828495
289,HadGEM3-GC31-LL,r1i1p1f3_gn,historical,1992,2014,-0.08743070497422423,0.0015647194602272727
290,HadGEM3-GC31-LL,r2i1p1f3_gn,historical,1850,1900,-0.8888284232023125,0.0001043146476149559
291,HadGEM3-GC31-LL,r2i1p1f3_gn,historical,1900,1950,-0.8924040299204421,0.0001847330667078495
292,HadGEM3-GC31-LL,r2i1p1f3_gn,historical,1950,2000,-0.7095743765460156,0.000234375
293,HadGEM3-GC31-LL,r2i1p1f3_gn,historical,1992,2014,-0.07319929793243318,0.001434326171875
294,HadGEM3-GC31-LL,r3i1p1f3_gn,historical,1850,1900,-0.5743139414759639,3.3033005893230437e-05
295,HadGEM3-GC31-LL,r3i1p1f3_gn,historical,1900,1950,-0.5524815098251565,0.000252278633415699
296,HadGEM3-GC31-LL,r3i1p1f3_gn,historical,1950,2000,-0.5256760386916426,0.00031005859375
297,HadGEM3-GC31-LL,r3i1p1f3_gn,historical,1992,2014,-0.07698421777530484,0.0014833393083377318
298,HadGEM3-GC31-LL,r4i1p1f3_gn,historical,1850,1900,-0.4992048677462435,0.000136311836540699
299,HadGEM3-GC31-LL,r4i1p1f3_gn,historical,1900,1950,-0.5129693796531569,0.000165201835334301
300,HadGEM3-GC31-LL,r4i1p1f3_gn,historical,1950,2000,-0.4615145321241698,0.000311279296875
301,HadGEM3-GC31-LL,r4i1p1f3_gn,historical,1992,2014,-0.0824831666232626,0.0016007856889204545
302,HadGEM3-GC31-LL,r5i1p1f3_gn,historical,1850,1900,-0.4511655231110012,0.0004262472689151764
303,HadGEM3-GC31-LL,r5i1p1f3_gn,historical,1900,1950,-0.48974532812468397,0.00049072265625
304,HadGEM3-GC31-LL,r5i1p1f3_gn,historical,1950,2000,-0.5915859885163286,0.000590006522834301
305,HadGEM3-GC31-LL,r5i1p1f3_gn,historical,1992,2014,-0.0958012587057624,0.0017505992542613637
306,HadGEM3-GC31-MM,r1i1p1f3_gn,historical,1850,1900,-0.6563777779392694,0.0005488725006580353
307,HadGEM3-GC31-MM,r1i1p1f3_gn,historical,1900,1950,-0.6283823034088414,0.000489501953125
308,HadGEM3-GC31-MM,r1i1p1f3_gn,historical,1950,2000,-0.5093512897585128,0.000525716133415699
309,HadGEM3-GC31-MM,r1i1p1f3_gn,historical,1992,2014,-0.08332757781568034,0.0015249540182677183
310,HadGEM3-GC31-MM,r2i1p1f3_gn,historical,1850,1900,-0.6910416661169734,0.0005327074974775314
311,HadGEM3-GC31-MM,r2i1p1f3_gn,historical,1900,1950,-0.6184052646202076,0.000577392540872097
312,HadGEM3-GC31-MM,r2i1p1f3_gn,historical,1950,2000,-0.5606875000989362,0.000498453788459301
313,HadGEM3-GC31-MM,r2i1p1f3_gn,historical,1992,2014,-0.07535331204172735,0.0016470243307677183
314,HadGEM3-GC31-MM,r3i1p1f3_gn,historical,1850,1900,-0.6724695836945216,0.00040053866803646087
315,HadGEM3-GC31-MM,r3i1p1f3_gn,historical,1900,1950,-0.46112682081906087,0.000574137344956398
316,HadGEM3-GC31-MM,r3i1p1f3_gn,historical,1950,2000,-0.5030742991518764,0.000498046875
317,HadGEM3-GC31-MM,r3i1p1f3_gn,historical,1992,2014,-0.053579119428434296,0.001767245205965909
318,HadGEM3-GC31-MM,r4i1p1f3_gn,historical,1850,1900,-0.7047352228829027,-0.000765639767050743
319,HadGEM3-GC31-MM,r4i1p1f3_gn,historical,1900,1950,-0.6521918454707816,-0.000608317032456398
320,HadGEM3-GC31-MM,r4i1p1f3_gn,historical,1950,2000,-0.5671063063847441,-0.000584309883415699
321,HadGEM3-GC31-MM,r4i1p1f3_gn,historical,1992,2014,-0.06054560804540188,-0.00012207030191678892
322,INM-CM4-8,r1i1p1f1_gr1,historical,1850,1900,-0.8513765566731877,-0.0007049006223678589
323,INM-CM4-8,r1i1p1f1_gr1,historical,1900,1950,-0.6667758534034647,-0.000574951171875
324,INM-CM4-8,r1i1p1f1_gr1,historical,1950,2000,-0.43757098818610984,-0.000488688163459301
325,INM-CM4-8,r1i1p1f1_gr1,historical,1992,2014,-0.06810939519056092,9.802616709335284e-05
326,INM-CM5-0,r1i1p1f1_gr1,historical,1850,1900,-0.7913651168544789,8.13804566860199e-06
327,INM-CM5-0,r1i1p1f1_gr1,historical,1900,1950,-0.5454846115839587,0.000359700471162796
328,INM-CM5-0,r1i1p1f1_gr1,historical,1950,2000,-0.41955617064013495,0.000690511092543602
329,INM-CM5-0,r1i1p1f1_gr1,historical,1992,2014,-0.06694860952330828,0.0013788396661931818
330,IPSL-CM5A2-INCA,r1i1p1f1_gn,historical,1850,1900,-1.3026430666056967,-1.1911094188690186e-05
331,IPSL-CM5A2-INCA,r1i1p1f1_gn,historical,1900,1950,-1.1172064438364373,0.00021728515625
332,IPSL-CM5A2-INCA,r1i1p1f1_gn,historical,1950,2000,-0.6416595010196033,0.000344645157456398
333,IPSL-CM5A2-INCA,r1i1p1f1_gn,historical,1992,2014,-0.06510855633280244,0.0009515935724431819
334,IPSL-CM6A-LR,r1i1p1f1_gn,historical,1850,1900,-1.0826777763616633,-7.4055977165699e-05
335,IPSL-CM6A-LR,r1i1p1f1_gn,historical,1900,1950,-0.9345960155810644,0.000231526680290699
336,IPSL-CM6A-LR,r1i1p1f1_gn,historical,1950,2000,-0.4988283867929795,0.0003023274801671505
337,IPSL-CM6A-LR,r1i1p1f1_gn,historical,1992,2014,-0.05812668178396052,0.0011457963423295455
338,IPSL-CM6A-LR,r2i1p1f1_gn,historical,1850,1900,-1.139318428787476,3.7693828344345095e-05
339,IPSL-CM6A-LR,r2i1p1f1_gn,historical,1900,1950,-0.9806918973237089,0.000137939453125
340,IPSL-CM6A-LR,r2i1p1f1_gn,historical,1950,2000,-0.5485821892233957,0.00043212890625
341,IPSL-CM6A-LR,r2i1p1f1_gn,historical,1992,2014,-0.057402127030968586,0.0011226770214059136
342,IPSL-CM6A-LR,r3i1p1f1_gn,historical,1850,1900,-1.14357249690039,8.737273514270782e-05
343,IPSL-CM6A-LR,r3i1p1f1_gn,historical,1900,1950,-0.924170108869987,7.1614608168602e-05
344,IPSL-CM6A-LR,r3i1p1f1_gn,historical,1950,2000,-0.5943484910952748,0.000340576171875
345,IPSL-CM6A-LR,r3i1p1f1_gn,historical,1992,2014,-0.05560965607133994,0.00129930895160545
346,IPSL-CM6A-LR,r4i1p1f1_gn,historical,1850,1900,-1.0381185369554373,-1.2909844517707825e-05
347,IPSL-CM6A-LR,r4i1p1f1_gn,historical,1900,1950,-0.7532188939113666,0.000169270820915699
348,IPSL-CM6A-LR,r4i1p1f1_gn,historical,1950,2000,-0.446911867927156,0.0003092447854578495
349,IPSL-CM6A-LR,r4i1p1f1_gn,historical,1992,2014,-0.0639338562453986,0.00126879137348045
350,IPSL-CM6A-LR,r5i1p1f1_gn,historical,1850,1900,-1.1091544631259467,-0.0001484818756580353
351,IPSL-CM6A-LR,r5i1p1f1_gn,historical,1900,1950,-0.7626178392397378,0.000157470703125
352,IPSL-CM6A-LR,r5i1p1f1_gn,historical,1950,2000,-0.4260641534343108,0.000411376953125
353,IPSL-CM6A-LR,r5i1p1f1_gn,historical,1992,2014,-0.05641755366667667,0.0013178045099431818
354,IPSL-CM6A-LR,r6i1p1f1_gn,historical,1850,1900,-0.8982834984275314,-0.00013904917985200883
355,IPSL-CM6A-LR,r6i1p1f1_gn,historical,1900,1950,-0.7203108170454016,0.000264078788459301
356,IPSL-CM6A-LR,r6i1p1f1_gn,historical,1950,2000,-0.5737467572580499,0.000369873046875
357,IPSL-CM6A-LR,r6i1p1f1_gn,historical,1992,2014,-0.06326708033464001,0.0010866107927127318
358,IPSL-CM6A-LR,r7i1p1f1_gn,historical,1850,1900,-1.1529814851049878,-6.547406315803528e-05
359,IPSL-CM6A-LR,r7i1p1f1_gn,historical,1900,1950,-1.1759415744955959,0.00020955402404069902
360,IPSL-CM6A-LR,r7i1p1f1_gn,historical,1950,2000,-0.6157352796566897,0.000340169295668602
361,IPSL-CM6A-LR,r7i1p1f1_gn,historical,1992,2014,-0.05057027512702916,0.0011744643138213592
362,IPSL-CM6A-LR,r8i1p1f1_gn,historical,1850,1900,-0.9978871164758516,6.44012913107872e-05
363,IPSL-CM6A-LR,r8i1p1f1_gn,historical,1900,1950,-0.7547039555568631,0.0001806640625
364,IPSL-CM6A-LR,r8i1p1f1_gn,historical,1950,2000,-0.5473523707171921,0.00037923179566860197
365,IPSL-CM6A-LR,r8i1p1f1_gn,historical,1992,2014,-0.062152210180272505,0.0013436981561509046
366,IPSL-CM6A-LR,r9i1p1f1_gn,historical,1850,1900,-1.1708138534445993,-0.00012022074311971664
367,IPSL-CM6A-LR,r9i1p1f1_gn,historical,1900,1950,-0.851067075542403,0.000170491524040699
368,IPSL-CM6A-LR,r9i1p1f1_gn,historical,1950,2000,-0.5087772319519104,0.00027587890625
369,IPSL-CM6A-LR,r9i1p1f1_gn,historical,1992,2014,-0.05549253933668297,0.0008470940149643204
370,IPSL-CM6A-LR-INCA,r1i1p1f1_gn,historical,1850,1900,-1.0730884402405536,-0.0004695267975330353
371,IPSL-CM6A-LR-INCA,r1i1p1f1_gn,historical,1900,1950,-1.0923224430458163,0.000365804061293602
372,IPSL-CM6A-LR-INCA,r1i1p1f1_gn,historical,1950,2000,-0.5980520684734074,0.0008837890625
373,IPSL-CM6A-LR-INCA,r1i1p1f1_gn,historical,1992,2014,-0.05804307909977524,0.001833829012784091
374,MCM-UA-1-0,r1i1p1f1_gn,historical,1850,1900,-1.1051931465477196,0.00015667557716369628
375,MCM-UA-1-0,r1i1p1f1_gn,historical,1900,1950,-0.9003278326195527,0.00028689231723546984
376,MCM-UA-1-0,r1i1p1f1_gn,historical,1950,2000,-0.5232340262217008,0.0004482724890112877
377,MCM-UA-1-0,r1i1p1f1_gn,historical,1992,2014,-0.06619772817009562,0.00093824179335074
378,MIROC6,r1i1p1f1_gm,historical,1850,1900,-0.5902903823159704,-1.176314428448677e-05
379,MIROC6,r1i1p1f1_gm,historical,1900,1950,-0.5017175406123329,0.0001212565042078495
380,MIROC6,r1i1p1f1_gm,historical,1950,2000,-0.3708798446430137,0.00015665691345930098
381,MIROC6,r1i1p1f1_gm,historical,1992,2014,-0.03575023203296723,0.0010995575311509046
382,MPI-ESM-1-2-HAM,r1i1p1f1_gn,historical,1850,1900,-0.4541252074652675,-4.8495233058929444e-05
383,MPI-ESM-1-2-HAM,r1i1p1f1_gn,historical,1900,1950,-0.4107237944448343,0.000280354805290699
384,MPI-ESM-1-2-HAM,r1i1p1f1_gn,historical,1950,2000,-0.41188175353454426,0.000486246757209301
385,MPI-ESM-1-2-HAM,r1i1p1f1_gn,historical,1992,2014,-0.04053023604308237,0.001258618960326368
386,MPI-ESM1-2-HR,r1i1p1f1_gn,historical,1850,1900,-0.8275648415875594,-9.980171918869018e-05
387,MPI-ESM1-2-HR,r1i1p1f1_gn,historical,1900,1950,-0.6401962313661897,0.000284423865377903
388,MPI-ESM1-2-HR,r1i1p1f1_gn,historical,1950,2000,-0.4177565127520211,0.0005598958209156991
389,MPI-ESM1-2-HR,r1i1p1f1_gn,historical,1992,2014,-0.05580499297843744,0.001333525658331134
390,MPI-ESM1-2-LR,r1i1p1f1_gn,historical,1850,1900,-0.8862953480851274,0.00023717559874057768
391,MPI-ESM1-2-LR,r1i1p1f1_gn,historical,1900,1950,-0.7395266397430191,0.0003698872774839401
392,MPI-ESM1-2-LR,r1i1p1f1_gn,historical,1950,2000,-0.4801410966487083,0.000351276658475399
393,MPI-ESM1-2-LR,r1i1p1f1_gn,historical,1992,2014,-0.04471769308401008,0.0014779845421964471
394,MRI-ESM2-0,r1i1p1f1_gm,historical,1850,1900,-0.7077356322052992,-6.824839860200882e-05
395,MRI-ESM2-0,r1i1p1f1_gm,historical,1900,1950,-0.583408741758717,0.000208740234375
396,MRI-ESM2-0,r1i1p1f1_gm,historical,1950,2000,-0.4558369280780994,5.5338540114462376e-05
397,MRI-ESM2-0,r1i1p1f1_gm,historical,1992,2014,-0.05759887700418176,0.0011152787642045455
398,NESM3,r1i1p1f1_gn,historical,1850,1900,-0.8242466267370219,4.713226575404406e-05
399,NESM3,r1i1p1f1_gn,historical,1900,1950,-0.6911750522650095,-2.2334344685077667e-05
400,NESM3,r1i1p1f1_gn,historical,1950,2000,-0.5086172761622834,-7.607361301779747e-05
401,NESM3,r1i1p1f1_gn,historical,1992,2014,-0.08570777634099613,0.0009015232155268842
402,NorESM2-LM,r1i1p1f1_gm,historical,1850,1900,-0.5841489508799782,3.72562650591135e-05
403,NorESM2-LM,r1i1p1f1_gm,historical,1900,1950,-0.5190779709562321,9.029836393892765e-05
404,NorESM2-LM,r1i1p1f1_gm,historical,1950,2000,-0.4820209212769555,-0.00019392456859350206
405,NorESM2-LM,r1i1p1f1_gm,historical,1992,2014,-0.07437924569137522,0.0010215912691571496
406,NorESM2-MM,r1i1p1f1_gm,historical,1850,1900,-0.4716461031428594,-0.00011493104510009289
407,NorESM2-MM,r1i1p1f1_gm,historical,1900,1950,-0.4679974663966959,-4.313150886446238e-05
408,NorESM2-MM,r1i1p1f1_gm,historical,1950,2000,-0.38700343821278693,7.649739272892475e-05
409,NorESM2-MM,r1i1p1f1_gm,historical,1992,2014,-0.02854375014510424,0.0010588675398718226
410,SAM0-UNICON,r1i1p1f1_gn,historical,1850,1900,-0.6469212985734885,-3.3935545943677425e-05
411,SAM0-UNICON,r1i1p1f1_gn,historical,1900,1950,-0.6103655920807114,-2.9296875e-05
412,SAM0-UNICON,r1i1p1f1_gn,historical,1950,2000,-0.475112820887432,0.00010050456039607525
413,SAM0-UNICON,r1i1p1f1_gn,historical,1992,2014,-0.06348390377240776,0.0013982599431818182
414,UKESM1-0-LL,r10i1p1f2_gn,historical,1850,1900,-0.8222378881235954,3.824869869276881e-05
415,UKESM1-0-LL,r10i1p1f2_gn,historical,1900,1950,-0.7815913838813344,-4.842122085392475e-05
416,UKESM1-0-LL,r10i1p1f2_gn,historical,1950,2000,-0.7457252585566607,9.358723182231189e-06
417,UKESM1-0-LL,r10i1p1f2_gn,historical,1992,2014,-0.07831897448323843,0.0011041814630681818
418,UKESM1-0-LL,r11i1p1f2_gn,historical,1850,1900,-0.6055728942665723,-4.808814264833927e-07
419,UKESM1-0-LL,r11i1p1f2_gn,historical,1900,1950,-0.5098507130367125,3.9469399489462375e-05
420,UKESM1-0-LL,r11i1p1f2_gn,historical,1950,2000,-0.5430804194296002,-4.0690102614462376e-05
421,UKESM1-0-LL,r11i1p1f2_gn,historical,1992,2014,-0.07604007636865617,0.001190185546875
422,UKESM1-0-LL,r12i1p1f2_gn,historical,1850,1900,-0.5770180789331221,7.509179413318634e-06
423,UKESM1-0-LL,r12i1p1f2_gn,historical,1900,1950,-0.570103071934966,-0.0002461751364171505
424,UKESM1-0-LL,r12i1p1f2_gn,historical,1950,2000,-0.619700703184435,-3.98763082921505e-05
425,UKESM1-0-LL,r12i1p1f2_gn,historical,1992,2014,-0.05982879862892787,0.0007130015980113636
426,UKESM1-0-LL,r13i1p1f2_gn,historical,1850,1900,-0.5527305852257314,-4.0934248827397826e-05
427,UKESM1-0-LL,r13i1p1f2_gn,historical,1900,1950,-0.5183329301085564,6.510419771075249e-06
428,UKESM1-0-LL,r13i1p1f2_gn,historical,1950,2000,-0.45877825156310337,6.9580078125e-05
429,UKESM1-0-LL,r13i1p1f2_gn,historical,1992,2014,-0.0733390290394027,0.001361268911172043
430,UKESM1-0-LL,r16i1p1f2_gn,historical,1850,1900,-0.716418602388444,-4.59428271278739e-05
431,UKESM1-0-LL,r16i1p1f2_gn,historical,1900,1950,-0.7336400360077846,1.0172529146075249e-05
432,UKESM1-0-LL,r16i1p1f2_gn,historical,1950,2000,-0.7114160057061554,7.60904885828495e-05
433,UKESM1-0-LL,r16i1p1f2_gn,historical,1992,2014,-0.10979911014749177,0.0012660170481963592
434,UKESM1-0-LL,r17i1p1f2_gn,historical,1850,1900,-0.6429981924597996,2.9999702237546445e-05
435,UKESM1-0-LL,r17i1p1f2_gn,historical,1900,1950,-0.8882965996346002,-2.197265625e-05
436,UKESM1-0-LL,r17i1p1f2_gn,historical,1950,2000,-0.7223494825024659,-8.544921875e-06
437,UKESM1-0-LL,r17i1p1f2_gn,historical,1992,2014,-0.08618695218865469,0.0014223041520877318
438,UKESM1-0-LL,r18i1p1f2_gn,historical,1850,1900,-0.7260097713452751,-0.0001966811716556549
439,UKESM1-0-LL,r18i1p1f2_gn,historical,1900,1950,-0.7176432405305491,3.8248696364462374e-05
440,UKESM1-0-LL,r18i1p1f2_gn,historical,1950,2000,-0.7105681805522295,4.0690102614462376e-05
441,UKESM1-0-LL,r18i1p1f2_gn,historical,1992,2014,-0.08730885734166804,0.0012613932009447706
442,UKESM1-0-LL,r19i1p1f2_gn,historical,1850,1900,-0.6225589968514669,-0.00010842062532901763
443,UKESM1-0-LL,r19i1p1f2_gn,historical,1900,1950,-0.6672894038645723,-6.022135727107525e-05
444,UKESM1-0-LL,r19i1p1f2_gn,historical,1950,2000,-0.5695393596979557,8.7890625e-05
445,UKESM1-0-LL,r19i1p1f2_gn,historical,1992,2014,-0.09610819278037752,0.0013390743935650046
446,UKESM1-0-LL,r1i1p1f2_gn,historical,1850,1900,-0.6879773285602369,-7.287227548658847e-05
447,UKESM1-0-LL,r1i1p1f2_gn,historical,1900,1950,-0.7260606242307972,4.069010319653899e-06
448,UKESM1-0-LL,r1i1p1f2_gn,historical,1950,2000,-0.7473271679746176,-2.9296875e-05
449,UKESM1-0-LL,r1i1p1f2_gn,historical,1992,2014,-0.0873523517058743,0.0012327251447872682
450,UKESM1-0-LL,r2i1p1f2_gn,historical,1850,1900,-0.5082653506219685,-3.103544935584068e-05
451,UKESM1-0-LL,r2i1p1f2_gn,historical,1900,1950,-0.42559992489742626,4.0690102614462376e-05
452,UKESM1-0-LL,r2i1p1f2_gn,historical,1950,2000,-0.5034627790909667,-2.7669270057231188e-05
453,UKESM1-0-LL,r2i1p1f2_gn,historical,1992,2014,-0.08875079817221376,0.0011781635270877318
454,UKESM1-0-LL,r3i1p1f2_gn,historical,1850,1900,-0.6642173146821051,-0.00012151544913649559
455,UKESM1-0-LL,r3i1p1f2_gn,historical,1900,1950,-0.556048707679281,3.0110676307231187e-05
456,UKESM1-0-LL,r3i1p1f2_gn,historical,1950,2000,-0.5625725047859191,-1.5055336989462376e-05
457,UKESM1-0-LL,r3i1p1f2_gn,historical,1992,2014,-0.08913353906353905,0.001284512606534091
458,UKESM1-0-LL,r4i1p1f2_gn,historical,1850,1900,-0.5797600779430354,-3.588127437978983e-06
459,UKESM1-0-LL,r4i1p1f2_gn,historical,1900,1950,-0.6173952654989421,-2.8483071364462376e-05
460,UKESM1-0-LL,r4i1p1f2_gn,historical,1950,2000,-0.6355028898853448,1.220703125e-06
461,UKESM1-0-LL,r4i1p1f2_gn,historical,1992,2014,-0.08640385377736948,0.0013168797066265886
462,UKESM1-0-LL,r5i1p1f3_gn,historical,1850,1900,-0.7353572447895544,-5.075165536254645e-05
463,UKESM1-0-LL,r5i1p1f3_gn,historical,1900,1950,-0.5472303767342055,-1.2613930739462375e-05
464,UKESM1-0-LL,r5i1p1f3_gn,historical,1950,2000,-0.7036407236778928,-7.893879897892475e-05
465,UKESM1-0-LL,r5i1p1f3_gn,historical,1992,2014,-0.09941825072075972,0.0012900612571022727
466,UKESM1-0-LL,r6i1p1f3_gn,historical,1850,1900,-0.6694258019959989,-6.551106926053763e-05
467,UKESM1-0-LL,r6i1p1f3_gn,historical,1900,1950,-0.5688792919958132,-5.4931640625e-05
468,UKESM1-0-LL,r6i1p1f3_gn,historical,1950,2000,-0.5632786087934392,-5.0862631760537624e-05
469,UKESM1-0-LL,r6i1p1f3_gn,historical,1992,2014,-0.08182919062534211,0.0010089296000924978
470,UKESM1-0-LL,r7i1p1f3_gn,historical,1850,1900,-0.5099733148987298,-1.764470711350441e-05
471,UKESM1-0-LL,r7i1p1f3_gn,historical,1900,1950,-0.5628308259348955,-2.44140625e-05
472,UKESM1-0-LL,r7i1p1f3_gn,historical,1950,2000,-0.5748302447331639,0.00010457356460392475
473,UKESM1-0-LL,r7i1p1f3_gn,historical,1992,2014,-0.08272219446087092,0.0014509721235795455
474,UKESM1-0-LL,r8i1p1f2_gn,historical,1850,1900,-0.7697549470370291,-1.561020500957966e-05
475,UKESM1-0-LL,r8i1p1f2_gn,historical,1900,1950,-0.7729170941779557,-4.5572915114462374e-05
476,UKESM1-0-LL,r8i1p1f2_gn,historical,1950,2000,-0.7738701594690269,-5.696616135537624e-06
477,UKESM1-0-LL,r8i1p1f2_gn,historical,1992,2014,-0.1070804050906986,0.0014121315696022727
478,UKESM1-0-LL,r9i1p1f2_gn,historical,1850,1900,-0.5955299404789116,0.000277506485581398
479,UKESM1-0-LL,r9i1p1f2_gn,historical,1900,1950,-0.4941646716434889,0.000416666679084301
480,UKESM1-0-LL,r9i1p1f2_gn,historical,1950,2000,-0.5661064379360141,0.000427652969956398
481,UKESM1-0-LL,r9i1p1f2_gn,historical,1992,2014,-0.08138917816830826,0.0015903609720143404
482,ACCESS-CM2,r1i1p1f1_gn,SSP126,2016,2050,1.088526176265873,0.002637077780330882
483,ACCESS-CM2,r1i1p1f1_gn,SSP126,2051,2100,1.8234331534331432,0.002307295038992045
484,ACCESS-CM2,r2i1p1f1_gn,SSP126,2016,2050,1.0000228646251799,0.002642463235294118
485,ACCESS-CM2,r2i1p1f1_gn,SSP126,2051,2100,1.7767286190390905,0.0022072303964167225
486,ACCESS-CM2,r3i1p1f1_gn,SSP126,2016,2050,0.9347101488152134,0.002291810424888835
487,ACCESS-CM2,r3i1p1f1_gn,SSP126,2051,2100,1.6625957322298746,0.0017160428117732613
488,ACCESS-ESM1-5,r1i1p1f1_gn,SSP126,2016,2050,0.6892855064460264,0.0021571738316732295
489,ACCESS-ESM1-5,r1i1p1f1_gn,SSP126,2051,2100,1.15613833998799,0.0017542417864410244
490,ACCESS-ESM1-5,r2i1p1f1_gn,SSP126,2016,2050,0.9211088155566927,0.0022642844740082234
491,ACCESS-ESM1-5,r2i1p1f1_gn,SSP126,2051,2100,1.3709282005098657,0.0017064932961853184
492,ACCESS-ESM1-5,r3i1p1f1_gn,SSP126,2016,2050,0.8857067787749315,0.0016545313684379354
493,ACCESS-ESM1-5,r3i1p1f1_gn,SSP126,2051,2100,1.399124531247253,0.0010795333251661183
494,BCC-CSM2-MR,r1i1p1f1_gn,SSP126,2016,2050,0.6934293709054486,0.0012781479779411765
495,CAMS-CSM1-0,r1i1p1f1_gn,SSP126,2016,2050,0.42256424088782296,0.0014145795036764705
496,CAMS-CSM1-0,r2i1p1f1_gn,SSP126,2016,2050,0.42562228323311047,0.002230775268638835
497,CAMS-CSM1-0,r2i1p1f1_gn,SSP126,2051,2100,0.6834955429736738,0.0015167443423855062
498,CanESM5,r10i1p1f1_gn,SSP126,2016,2050,1.0282305319186662,0.002294802271267947
499,CanESM5,r10i1p1f1_gn,SSP126,2051,2100,1.5781809353674703,0.0014532179552681592
500,CanESM5,r10i1p2f1_gn,SSP126,2016,2050,1.169750449820242,0.00225830078125
501,CanESM5,r10i1p2f1_gn,SSP126,2051,2100,1.6107458509619619,0.0015977093455742818
502,CanESM5,r1i1p1f1_gn,SSP126,2016,2050,1.0161808399117263,0.0021763222620767705
503,CanESM5,r1i1p1f1_gn,SSP126,2051,2100,1.6306790841814518,0.0015304461121559143
504,CanESM5,r1i1p2f1_gn,SSP126,2016,2050,1.0343160301186458,0.002252915326286765
505,CanESM5,r1i1p2f1_gn,SSP126,2051,2100,1.55706140144639,0.0014590309286604123
506,CanESM5,r2i1p1f1_gn,SSP126,2016,2050,1.1974832644427806,0.0022684732342467587
507,CanESM5,r2i1p1f1_gn,SSP126,2051,2100,1.713222001251097,0.0015337678546808204
508,CanESM5,r2i1p2f1_gn,SSP126,2016,2050,1.13050792845047,0.0022523170884917766
509,CanESM5,r2i1p2f1_gn,SSP126,2051,2100,1.6298584124351123,0.0015458089052414407
510,CanESM5,r3i1p1f1_gn,SSP126,2016,2050,1.0903603210966253,0.002324721392463235
511,CanESM5,r3i1p1f1_gn,SSP126,2051,2100,1.634412884816129,0.0014353642354206163
512,CanESM5,r3i1p2f1_gn,SSP126,2016,2050,1.1846456215300236,0.0023169423289158765
513,CanESM5,r3i1p2f1_gn,SSP126,2051,2100,1.7067464282731066,0.0015304462642085795
514,CanESM5,r4i1p1f1_gn,SSP126,2016,2050,1.037847872432053,0.002240947502500871
515,CanESM5,r4i1p1f1_gn,SSP126,2051,2100,1.53354246618062,0.0014569548015691796
516,CanESM5,r4i1p2f1_gn,SSP126,2016,2050,1.0570303206241647,0.0022588990190449882
517,CanESM5,r4i1p2f1_gn,SSP126,2051,2100,1.603934722253257,0.0015238029312114327
518,CanESM5,r5i1p1f1_gn,SSP126,2016,2050,1.0938921930717243,0.0022265865084003
519,CanESM5,r5i1p1f1_gn,SSP126,2051,2100,1.5819068445340463,0.0014814520064665346
520,CanESM5,r5i1p2f1_gn,SSP126,2016,2050,1.0387683378531278,0.002293605576543247
521,CanESM5,r5i1p2f1_gn,SSP126,2051,2100,1.5308746851717956,0.0015441478819263224
522,CanESM5,r6i1p1f1_gn,SSP126,2016,2050,1.0077303345847213,0.002203249536892947
523,CanESM5,r6i1p1f1_gn,SSP126,2051,2100,1.571857185691897,0.0014548788265306123
524,CanESM5,r6i1p2f1_gn,SSP126,2016,2050,1.075890182759622,0.002355238970588235
525,CanESM5,r6i1p2f1_gn,SSP126,2051,2100,1.6001507756919864,0.001550376111147355
526,CanESM5,r7i1p1f1_gn,SSP126,2016,2050,1.0614396041326017,0.002310360179227941
527,CanESM5,r7i1p1f1_gn,SSP126,2051,2100,1.5690393633718145,0.0014594461844891918
528,CanESM5,r7i1p2f1_gn,SSP126,2016,2050,1.0940329797289223,0.002218807444852941
529,CanESM5,r7i1p2f1_gn,SSP126,2051,2100,1.6015699964004284,0.001553282293738151
530,CanESM5,r8i1p1f1_gn,SSP126,2016,2050,0.8808841048273166,0.0022337668958832234
531,CanESM5,r8i1p1f1_gn,SSP126,2051,2100,1.4935440535899716,0.0014814518544138695
532,CanESM5,r8i1p2f1_gn,SSP126,2016,2050,1.1566619320623204,0.0022876216646503
533,CanESM5,r8i1p2f1_gn,SSP126,2051,2100,1.6778759524268025,0.0015412415472828612
534,CanESM5,r9i1p1f1_gn,SSP126,2016,2050,1.08083347040116,0.0021852980203488294
535,CanESM5,r9i1p1f1_gn,SSP126,2051,2100,1.6441109545302766,0.001513007648137151
536,CanESM5,r9i1p2f1_gn,SSP126,2016,2050,1.0874532155444854,0.0024868832791552823
537,CanESM5,r9i1p2f1_gn,SSP126,2051,2100,1.5576343175609395,0.0023687454510708246
538,CMCC-CM2-SR5,r1i1p1f1_gn,SSP126,2016,2050,0.7288889457737469,0.002112893497242647
539,CMCC-CM2-SR5,r1i1p1f1_gn,SSP126,2051,2100,1.566787788612885,0.0018746513797312367
540,CMCC-ESM2,r1i1p1f1_gn,SSP126,2016,2050,0.5814902538688784,0.0019058526000555825
541,CMCC-ESM2,r1i1p1f1_gn,SSP126,2051,2100,1.6773851891598497,0.001363948899872449
542,EC-Earth3,r1i1p1f1_gn,SSP126,2016,2050,0.9287476480435544,0.0018316531444297118
543,EC-Earth3,r1i1p1f1_gn,SSP126,2051,2100,1.2101065687577943,0.0015287852408934612
544,EC-Earth3-Veg,r1i1p1f1_gn,SSP126,2016,2050,0.6677028643705967,0.0018376368371879354
545,EC-Earth3-Veg,r1i1p1f1_gn,SSP126,2051,2100,1.110083051131312,0.001393013158623053
546,EC-Earth3-Veg-LR,r1i1p1f1_gn,SSP126,2016,2050,0.6561410782375106,0.0019489364588961883
547,EC-Earth3-Veg-LR,r1i1p1f1_gn,SSP126,2051,2100,1.0054592534640392,0.0011829194061610164
548,FGOALS-f3-L,r1i1p1f1_gn,SSP126,2016,2050,0.6693756528384256,0.0018693513291723589
549,FGOALS-f3-L,r1i1p1f1_gn,SSP126,2051,2100,0.9150046309954405,0.0012314984841006143
550,FGOALS-g3,r1i1p1f1_gn,SSP126,2016,2050,0.40664902434821215,-0.00022439395680147058
551,FGOALS-g3,r1i1p1f1_gn,SSP126,2051,2100,0.46702830308043985,-0.0007498604910714286
552,FGOALS-g3,r2i1p1f1_gn,SSP126,2016,2050,0.49349907847562235,-0.0002519196063718375
553,FGOALS-g3,r2i1p1f1_gn,SSP126,2051,2100,0.5701574167543981,-0.0007228721313330592
554,FGOALS-g3,r3i1p1f1_gn,SSP126,2016,2050,0.49185497642389464,0.001970478278749129
555,FGOALS-g3,r3i1p1f1_gn,SSP126,2051,2100,0.5499052204975214,0.0013282414601773632
556,FIO-ESM-2-0,r1i1p1f1_gn,SSP126,2016,2050,0.7660854039617107,0.0019196155754958883
557,FIO-ESM-2-0,r1i1p1f1_gn,SSP126,2051,2100,1.050506384884784,0.0012804926658163266
558,FIO-ESM-2-0,r2i1p1f1_gn,SSP126,2016,2050,0.707958598817072,0.0019196153563611647
559,FIO-ESM-2-0,r2i1p1f1_gn,SSP126,2051,2100,1.0023881597630862,0.0013548144880606203
560,FIO-ESM-2-0,r3i1p1f1_gn,SSP126,2016,2050,0.7427535889106593,0.0015306660138508853
561,FIO-ESM-2-0,r3i1p1f1_gn,SSP126,2051,2100,1.0917197755451298,0.0014150191326530613
562,GFDL-ESM4,r1i1p1f1_gn,SSP126,2016,2050,0.6077209889131154,0.002497055951286765
563,GFDL-ESM4,r1i1p1f1_gn,SSP126,2051,2100,0.8079829447541442,0.0020369963378322367
564,HadGEM3-GC31-LL,r1i1p1f3_gn,SSP126,2016,2050,1.1211467642630737,0.002595789292279412
565,HadGEM3-GC31-LL,r1i1p1f3_gn,SSP126,2051,2100,1.8685475872828192,0.0025003654312114325
566,HadGEM3-GC31-MM,r1i1p1f3_gn,SSP126,2016,2050,1.0293956683322563,0.00026568244485294115
567,HadGEM3-GC31-MM,r1i1p1f3_gn,SSP126,2051,2100,1.9696734328119305,-0.00036787177074928674
568,INM-CM4-8,r1i1p1f1_gr1,SSP126,2016,2050,0.46553397021369847,0.0004368202541680897
569,INM-CM4-8,r1i1p1f1_gr1,SSP126,2051,2100,0.671358882154891,-0.0001498890698564296
570,INM-CM5-0,r1i1p1f1_gr1,SSP126,2016,2050,0.6063109994018419,0.002180511022315306
571,INM-CM5-0,r1i1p1f1_gr1,SSP126,2051,2100,0.726943907834027,0.0033527816436728654
572,IPSL-CM5A2-INCA,r1i1p1f1_gn,SSP126,2016,2050,0.8259282793317198,0.0018184886259191176
573,IPSL-CM5A2-INCA,r1i1p1f1_gn,SSP126,2051,2100,2.621308644612668,0.0012020188174685653
574,IPSL-CM6A-LR,r1i1p1f1_gn,SSP126,2016,2050,0.7928473881312925,0.0016862457508549972
575,IPSL-CM6A-LR,r1i1p1f1_gn,SSP126,2051,2100,1.2619855499268056,0.0012240247914985735
576,IPSL-CM6A-LR,r2i1p1f1_gn,SSP126,2016,2050,0.7766253516787742,0.0017508712104138207
577,IPSL-CM6A-LR,r2i1p1f1_gn,SSP126,2051,2100,1.2468665059407726,0.0011991124828251041
578,IPSL-CM6A-LR,r3i1p1f1_gn,SSP126,2016,2050,0.7667970384869705,0.0019402869922273299
579,IPSL-CM6A-LR,r3i1p1f1_gn,SSP126,2051,2100,1.2442016855875409,0.0015738901435112466
580,MIROC6,r1i1p1f1_gm,SSP126,2016,2050,0.5667741256460204,0.001850644893505994
581,MIROC6,r1i1p1f1_gm,SSP126,2051,2100,0.8921576741572039,0.0015797049415354825
582,MIROC6,r2i1p1f1_gm,SSP126,2016,2050,0.5575512054998626,0.0019809461253530837
583,MIROC6,r2i1p1f1_gm,SSP126,2051,2100,0.8445838854980252,0.0016140803998830368
584,MIROC6,r3i1p1f1_gm,SSP126,2016,2050,0.5356712878703433,0.0015671673943014705
585,MIROC6,r3i1p1f1_gm,SSP126,2051,2100,0.8003731543518029,0.001243539458634902
586,MPI-ESM1-2-HR,r1i1p1f1_gn,SSP126,2016,2050,0.5806829905219502,0.0015031402821049972
587,MPI-ESM1-2-HR,r1i1p1f1_gn,SSP126,2051,2100,0.7716976230253181,0.0011081825561669407
588,MPI-ESM1-2-HR,r2i1p1f1_gn,SSP126,2016,2050,0.39479449455126314,0.001714968286892947
589,MPI-ESM1-2-HR,r2i1p1f1_gn,SSP126,2051,2100,0.5970767546231741,0.0012858903833798
590,MPI-ESM1-2-LR,r1i1p1f1_gn,SSP126,2016,2050,0.490617272024906,0.0017664292279411765
591,MPI-ESM1-2-LR,r1i1p1f1_gn,SSP126,2051,2100,0.6587706767447798,0.0011397380457848919
592,MPI-ESM1-2-LR,r2i1p1f1_gn,SSP126,2016,2050,0.36165859879156415,0.0015833237591911765
593,MPI-ESM1-2-LR,r2i1p1f1_gn,SSP126,2051,2100,0.6385916550116235,0.0013128786670918368
594,MPI-ESM1-2-LR,r3i1p1f1_gn,SSP126,2016,2050,0.4783796425469973,0.0024424228159820333
595,MPI-ESM1-2-LR,r3i1p1f1_gn,SSP126,2051,2100,0.6604900214100553,0.002065359481743404
596,MRI-ESM2-0,r1i1p1f1_gm,SSP126,2016,2050,0.8199152760720949,0.001594094669117647
597,MRI-ESM2-0,r1i1p1f1_gm,SSP126,2051,2100,1.1166319333599404,0.0009379483455297899
598,NESM3,r1i1p1f1_gn,SSP126,2016,2050,0.9210476527038622,0.0017327096532372868
599,NESM3,r1i1p1f1_gn,SSP126,2051,2100,1.2226919588827059,0.0015501452952015157
600,NorESM2-LM,r1i1p1f1_gm,SSP126,2016,2050,0.4670428801305775,0.001721527865704368
601,NorESM2-LM,r1i1p1f1_gm,SSP126,2051,2100,0.698525092756995,0.0014836438456360176
602,NorESM2-MM,r1i1p1f1_gm,SSP126,2016,2050,0.6513889376872157,0.0028279623126282413
603,NorESM2-MM,r1i1p1f1_gm,SSP126,2051,2100,0.886305146956829,0.0023168448586853184
604,TaiESM1,r1i1p1f1_gn,SSP126,2016,2050,1.232019505428866,0.002195470473345588
605,TaiESM1,r1i1p1f1_gn,SSP126,2051,2100,2.1072620491334533,0.0018497390710577673
606,UKESM1-0-LL,r10i1p1f2_gn,SSP126,2016,2050,1.1767196215599824,0.0023366889971144058
607,UKESM1-0-LL,r10i1p1f2_gn,SSP126,2051,2100,1.8236032874077637,0.0019145107695034572
608,UKESM1-0-LL,r11i1p1f2_gn,SSP126,2016,2050,1.3673205298966877,0.0022989908123717587
609,UKESM1-0-LL,r11i1p1f2_gn,SSP126,2051,2100,2.0847917218545717,0.0018713294851536654
610,UKESM1-0-LL,r12i1p1f2_gn,SSP126,2016,2050,1.3086201409384444,0.002343271146802341
611,UKESM1-0-LL,r12i1p1f2_gn,SSP126,2051,2100,2.038290917104689,0.0017891188665312163
612,UKESM1-0-LL,r16i1p1f2_gn,SSP126,2016,2050,1.1618271498018657,0.002141017685918247
613,UKESM1-0-LL,r16i1p1f2_gn,SSP126,2051,2100,1.9281135047598355,0.0018185983811106002
614,UKESM1-0-LL,r17i1p1f2_gn,SSP126,2016,2050,1.1523183836310977,0.002222995985956753
615,UKESM1-0-LL,r17i1p1f2_gn,SSP126,2051,2100,1.8847362655816937,0.0018601189462506041
616,UKESM1-0-LL,r18i1p1f2_gn,SSP126,2016,2050,1.1750757063624633,0.0021529852905694175
617,UKESM1-0-LL,r18i1p1f2_gn,SSP126,2051,2100,1.9194501744028116,0.0019830197704081634
618,UKESM1-0-LL,r19i1p1f2_gn,SSP126,2016,2050,1.079769095519282,0.0022594976951094236
619,UKESM1-0-LL,r19i1p1f2_gn,SSP126,2051,2100,1.8344493729171631,0.001844756305217743
620,UKESM1-0-LL,r1i1p1f2_gn,SSP126,2016,2050,1.1720213788170213,0.002377379028236165
621,UKESM1-0-LL,r1i1p1f2_gn,SSP126,2051,2100,1.9147996596718144,0.0018900138687114327
622,UKESM1-0-LL,r2i1p1f2_gn,SSP126,2016,2050,1.2626108041259272,0.002316343871986165
623,UKESM1-0-LL,r2i1p1f2_gn,SSP126,2051,2100,2.2424459788275612,0.0018875226378440857
624,UKESM1-0-LL,r3i1p1f2_gn,SSP126,2016,2050,1.1629393628400635,0.0021769204998717587
625,UKESM1-0-LL,r3i1p1f2_gn,SSP126,2051,2100,2.0497032702441516,0.0018239962507267387
626,UKESM1-0-LL,r4i1p1f2_gn,SSP126,2016,2050,1.1324936275895539,0.002173928653492647
627,UKESM1-0-LL,r4i1p1f2_gn,SSP126,2051,2100,1.9676311938208642,0.001789534122359996
628,UKESM1-0-LL,r8i1p1f2_gn,SSP126,2016,2050,1.2195906769275666,0.002361222663346459
629,UKESM1-0-LL,r8i1p1f2_gn,SSP126,2051,2100,1.880709411410578,0.0017480137092726572
630,UKESM1-0-LL,r9i1p1f2_gn,SSP126,2016,2050,1.4123035127851722,0.0027172611478497
631,UKESM1-0-LL,r9i1p1f2_gn,SSP126,2051,2100,2.2737919148730725,0.002290120538400144
632,ACCESS-CM2,r1i1p1f1_gn,SSP245,2016,2050,1.0963044192298526,0.002699309850440306
633,ACCESS-CM2,r1i1p1f1_gn,SSP245,2051,2100,2.470266836065889,0.0033469686702806123
634,ACCESS-CM2,r2i1p1f1_gn,SSP245,2016,2050,1.0250474718290548,0.0026215198723708883
635,ACCESS-CM2,r2i1p1f1_gn,SSP245,2051,2100,2.425500169094448,0.0032925766949750937
636,ACCESS-CM2,r3i1p1f1_gn,SSP245,2016,2050,0.8902487032340787,0.0025060317095588237
637,ACCESS-CM2,r3i1p1f1_gn,SSP245,2051,2100,2.3317355439983203,0.002815090880102041
638,ACCESS-ESM1-5,r1i1p1f1_gn,SSP245,2016,2050,0.8162360240675071,0.0024689319817458883
639,ACCESS-ESM1-5,r1i1p1f1_gn,SSP245,2051,2100,1.8771673797487551,0.0028470617776014365
640,ACCESS-ESM1-5,r2i1p1f1_gn,SSP245,2016,2050,0.9201293247518834,0.002434225643382353
641,ACCESS-ESM1-5,r2i1p1f1_gn,SSP245,2051,2100,2.059059413586567,0.002855365981861037
642,ACCESS-ESM1-5,r3i1p1f1_gn,SSP245,2016,2050,0.9352747372458339,0.0019842408159199882
643,ACCESS-ESM1-5,r3i1p1f1_gn,SSP245,2051,2100,2.0292212617139285,0.0022765697569263224
644,BCC-CSM2-MR,r1i1p1f1_gn,SSP245,2016,2050,0.7684900045579184,0.0015827254118288264
645,CAMS-CSM1-0,r1i1p1f1_gn,SSP245,2016,2050,0.44748886609056626,0.0014097923960755853
646,CAMS-CSM1-0,r2i1p1f1_gn,SSP245,2016,2050,0.5003491206917374,0.0025132123161764708
647,CAMS-CSM1-0,r2i1p1f1_gn,SSP245,2051,2100,1.1939179877095967,0.0029766057827034773
648,CanESM5,r10i1p1f1_gn,SSP245,2016,2050,1.1538112270457646,0.0025036383201094236
649,CanESM5,r10i1p1f1_gn,SSP245,2051,2100,2.5724254251515504,0.002859517627832841
650,CanESM5,r10i1p2f1_gn,SSP245,2016,2050,1.2328630381184666,0.0025233847691732295
651,CanESM5,r10i1p2f1_gn,SSP245,2051,2100,2.5700334149191804,0.0029180618573208246
652,CanESM5,r1i1p1f1_gn,SSP245,2016,2050,1.1354723411863006,0.002446791704963235
653,CanESM5,r1i1p1f1_gn,SSP245,2051,2100,2.5589646251904696,0.0028512137276785715
654,CanESM5,r1i1p2f1_gn,SSP245,2016,2050,1.2144255116822364,0.0024982526460114647
655,CanESM5,r1i1p2f1_gn,SSP245,2051,2100,2.5563650883606215,0.0029139099072436896
656,CanESM5,r2i1p1f1_gn,SSP245,2016,2050,1.3449971822629436,0.0025712554069126353
657,CanESM5,r2i1p1f1_gn,SSP245,2051,2100,2.696191485011184,0.002840833396327739
658,CanESM5,r2i1p2f1_gn,SSP245,2016,2050,1.298549408387771,0.0025712554069126353
659,CanESM5,r2i1p2f1_gn,SSP245,2051,2100,2.6733887591899475,0.0029637345245906283
660,CanESM5,r3i1p1f1_gn,SSP245,2016,2050,1.2014837119751292,0.0025784360135302823
661,CanESM5,r3i1p1f1_gn,SSP245,2051,2100,2.7305862724660415,0.0028748804209183672
662,CanESM5,r3i1p2f1_gn,SSP245,2016,2050,1.2276832841866394,0.0025018431684550118
663,CanESM5,r3i1p2f1_gn,SSP245,2051,2100,2.6924886930063394,0.002903529575892857
664,CanESM5,r4i1p1f1_gn,SSP245,2016,2050,1.0994296382424409,0.0025550992611576527
665,CanESM5,r4i1p1f1_gn,SSP245,2051,2100,2.5273905389037736,0.002915985730229592
666,CanESM5,r4i1p2f1_gn,SSP245,2016,2050,1.196328673886967,0.0024940641049076527
667,CanESM5,r4i1p2f1_gn,SSP245,2051,2100,2.591979236845816,0.002962488909156955
668,CanESM5,r5i1p1f1_gn,SSP245,2016,2050,1.2263026910502504,0.0025138107731061824
669,CanESM5,r5i1p1f1_gn,SSP245,2051,2100,2.626443477747898,0.002847476881377551
670,CanESM5,r5i1p2f1_gn,SSP245,2016,2050,1.1824602349873885,0.002589206923456753
671,CanESM5,r5i1p2f1_gn,SSP245,2051,2100,2.4686550605226785,0.0029425590622181794
672,CanESM5,r6i1p1f1_gn,SSP245,2016,2050,1.200477351699817,0.0025832232306985292
673,CanESM5,r6i1p1f1_gn,SSP245,2051,2100,2.578645526415528,0.002857026396965494
674,CanESM5,r6i1p2f1_gn,SSP245,2016,2050,1.1986815225948817,0.0026047650505514708
675,CanESM5,r6i1p2f1_gn,SSP245,2051,2100,2.645403964937202,0.0029126642918100164
676,CanESM5,r7i1p1f1_gn,SSP245,2016,2050,1.2498332058668211,0.0025102202506626353
677,CanESM5,r7i1p1f1_gn,SSP245,2051,2100,2.5754039839571874,0.0028765414442334858
678,CanESM5,r7i1p2f1_gn,SSP245,2016,2050,1.218843078121779,0.002577837775735294
679,CanESM5,r7i1p2f1_gn,SSP245,2051,2100,2.5931489702807085,0.002969131785996106
680,CanESM5,r8i1p1f1_gn,SSP245,2016,2050,1.0777686843576362,0.002523983226102941
681,CanESM5,r8i1p1f1_gn,SSP245,2051,2100,2.4942798305545466,0.002856196189413265
682,CanESM5,r8i1p2f1_gn,SSP245,2016,2050,1.3357956426238502,0.002631692325367647
683,CanESM5,r8i1p2f1_gn,SSP245,2051,2100,2.68970667319644,0.002900207833367951
684,CanESM5,r9i1p1f1_gn,SSP245,2016,2050,1.2601865645430053,0.0025030396440449882
685,CanESM5,r9i1p1f1_gn,SSP245,2051,2100,2.654950033455691,0.0028615937549240737
686,CanESM5,r9i1p2f1_gn,SSP245,2016,2050,1.1674005529159217,0.0023205326322247
687,CanESM5,r9i1p2f1_gn,SSP245,2051,2100,2.5428017855322196,0.003420459980867347
688,CESM2-WACCM,r2i1p1f1_gr,SSP245,2016,2050,0.7201008996327687,0.003881117876838235
689,CESM2-WACCM,r2i1p1f1_gr,SSP245,2051,2100,1.9375974559903284,0.0044435256597947104
690,CIESM,r1i1p1f1_gn,SSP245,2016,2050,1.0076169371787387,0.0019626992152017705
691,CIESM,r1i1p1f1_gn,SSP245,2051,2100,2.130034080540838,0.0026016752330624325
692,CMCC-CM2-SR5,r1i1p1f1_gn,SSP245,2016,2050,0.6999136383324185,0.0020542519495767705
693,CMCC-CM2-SR5,r1i1p1f1_gn,SSP245,2051,2100,2.1256501261262883,0.002603751664258996
694,CMCC-ESM2,r1i1p1f1_gn,SSP245,2016,2050,0.6246699132338449,0.0020979338270776414
695,CMCC-ESM2,r1i1p1f1_gn,SSP245,2051,2100,2.194433167284501,0.002516558431849188
696,EC-Earth3,r1i1p1f1_gn,SSP245,2016,2050,0.8926231121729984,0.0021021225873161763
697,EC-Earth3,r1i1p1f1_gn,SSP245,2051,2100,1.9738229037942006,0.002605412079363453
698,EC-Earth3-CC,r1i1p1f1_gn,SSP245,2016,2050,0.5685827877334759,0.002078187378013835
699,EC-Earth3-CC,r1i1p1f1_gn,SSP245,2051,2100,1.6428629007605196,0.0025792541552563104
700,EC-Earth3-Veg,r1i1p1f1_gn,SSP245,2016,2050,0.7128552498841145,0.0020219392197973586
701,EC-Earth3-Veg,r1i1p1f1_gn,SSP245,2051,2100,1.8902871908647398,0.002494552609871845
702,EC-Earth3-Veg-LR,r1i1p1f1_gn,SSP245,2016,2050,0.7047114431250634,0.00016994101871900698
703,EC-Earth3-Veg-LR,r1i1p1f1_gn,SSP245,2051,2100,1.743870194196461,0.00018061423788265306
704,FGOALS-g3,r1i1p1f1_gn,SSP245,2016,2050,0.605206639551966,0.002301384420955882
705,FGOALS-g3,r1i1p1f1_gn,SSP245,2051,2100,1.1870082738879546,0.0024239677859812367
706,FIO-ESM-2-0,r1i1p1f1_gn,SSP245,2016,2050,0.8358917844027474,0.0023025811156805825
707,FIO-ESM-2-0,r1i1p1f1_gn,SSP245,2051,2100,1.8386586678250296,0.002720839515024302
708,GFDL-CM4,r1i1p1f1_gn,SSP245,2016,2050,0.8249766143850366,0.0016838522518382354
709,GFDL-CM4,r1i1p1f1_gn,SSP245,2051,2100,1.8816062129430406,0.0022562249582640977
710,GFDL-ESM4,r1i1p1f1_gn,SSP245,2016,2050,0.6669517599333972,0.0025598862591911763
711,GFDL-ESM4,r1i1p1f1_gn,SSP245,2051,2100,1.4098197525913747,0.0031792259946161385
712,HadGEM3-GC31-LL,r4i1p1f3_gn,SSP245,2016,2050,0.5246588644299663,0.00040929457720588236
713,INM-CM4-8,r1i1p1f1_gr1,SSP245,2016,2050,0.5813349359816584,0.0005517099600504426
714,INM-CM4-8,r1i1p1f1_gr1,SSP245,2051,2100,1.2632771756069587,0.0007386499521683673
715,INM-CM5-0,r1i1p1f1_gr1,SSP245,2016,2050,0.6037526103974642,0.0020219392197973586
716,INM-CM5-0,r1i1p1f1_gr1,SSP245,2051,2100,1.2496407245117211,0.0023562891446814245
717,IPSL-CM6A-LR,r1i1p1f1_gn,SSP245,2016,2050,0.90555454435804,0.001960305606617647
718,IPSL-CM6A-LR,r1i1p1f1_gn,SSP245,2051,2100,2.1842846425374205,0.0022852889129093717
719,IPSL-CM6A-LR,r2i1p1f1_gn,SSP245,2016,2050,0.870144798642059,0.0019028607536764705
720,IPSL-CM6A-LR,r2i1p1f1_gn,SSP245,2051,2100,2.1447812398274664,0.002289856270867951
721,IPSL-CM6A-LR,r3i1p1f1_gn,SSP245,2016,2050,0.8666278839110646,0.0019912702195784625
722,IPSL-CM6A-LR,r3i1p1f1_gn,SSP245,2051,2100,2.1024846140542763,0.002552017265436601
723,MIROC6,r1i1p1f1_gm,SSP245,2016,2050,0.6199807734343494,0.001969289472874473
724,MIROC6,r1i1p1f1_gm,SSP245,2051,2100,1.3981427672933933,0.0024999728312297743
725,MIROC6,r2i1p1f1_gm,SSP245,2016,2050,0.5553489861119942,0.001966600470683154
726,MIROC6,r2i1p1f1_gm,SSP245,2051,2100,1.3557936352243587,0.00254325659907594
727,MIROC6,r3i1p1f1_gm,SSP245,2016,2050,0.5653917590886408,0.0019046559053308824
728,MIROC6,r3i1p1f1_gm,SSP245,2051,2100,1.3138795070495917,0.0021129791833916487
729,MPI-ESM1-2-HR,r1i1p1f1_gn,SSP245,2016,2050,0.607796501402504,0.0019321814179420471
730,MPI-ESM1-2-HR,r1i1p1f1_gn,SSP245,2051,2100,1.3770024027060686,0.002231312345485298
731,MPI-ESM1-2-LR,r1i1p1f1_gn,SSP245,2016,2050,0.5655403403916353,0.0019357717212508706
732,MPI-ESM1-2-LR,r1i1p1f1_gn,SSP245,2051,2100,1.341053708298091,0.0022711723434681794
733,MPI-ESM1-2-LR,r2i1p1f1_gn,SSP245,2016,2050,0.47012703572221426,0.0018376368371879354
734,MPI-ESM1-2-LR,r2i1p1f1_gn,SSP245,2051,2100,1.293088744896977,0.002331792091836735
735,MPI-ESM1-2-LR,r3i1p1f1_gn,SSP245,2016,2050,0.5849453844798518,0.0025889884461374846
736,MPI-ESM1-2-LR,r3i1p1f1_gn,SSP245,2051,2100,1.3031756872092615,0.0031271528224555813
737,MRI-ESM2-0,r3i1p1f1_gm,SSP245,2016,2050,0.47810986407893097,0.0018633674172794119
738,NESM3,r1i1p1f1_gn,SSP245,2016,2050,0.9283936687367031,0.0017702083158142427
739,NESM3,r1i1p1f1_gn,SSP245,2051,2100,1.9060298720482365,0.002295606902667454
740,NorESM2-LM,r1i1p1f1_gm,SSP245,2016,2050,0.5177442887941766,0.0017546613645904204
741,NorESM2-LM,r1i1p1f1_gm,SSP245,2051,2100,1.264436153976419,0.002278906350233117
742,NorESM2-LM,r2i1p1f1_gm,SSP245,2016,2050,0.6758292491337556,0.001852321274140302
743,NorESM2-LM,r2i1p1f1_gm,SSP245,2051,2100,1.4193505237578279,0.0023672057657825704
744,NorESM2-LM,r3i1p1f1_gm,SSP245,2016,2050,0.568458358044154,0.0017259383902830236
745,NorESM2-LM,r3i1p1f1_gm,SSP245,2051,2100,1.2842940471426232,0.0021679954869406565
746,NorESM2-MM,r1i1p1f1_gm,SSP245,2016,2050,0.6712761306682182,0.0025461235028855942
747,NorESM2-MM,r1i1p1f1_gm,SSP245,2051,2100,1.443979714331192,0.0033411560009936896
748,TaiESM1,r1i1p1f1_gn,SSP245,2016,2050,1.1013770638722917,0.002610150505514706
749,TaiESM1,r1i1p1f1_gn,SSP245,2051,2100,2.708179433078328,0.0031455940738016244
750,UKESM1-0-LL,r1i1p1f2_gn,SSP245,2016,2050,1.248826408991306,0.0024916704963235292
751,UKESM1-0-LL,r1i1p1f2_gn,SSP245,2051,2100,2.846961980513356,0.0031310617923736572
752,UKESM1-0-LL,r2i1p1f2_gn,SSP245,2016,2050,1.5338329957886003,0.002521589836653541
753,UKESM1-0-LL,r2i1p1f2_gn,SSP245,2051,2100,3.120977171545462,0.003058816097220596
754,UKESM1-0-LL,r3i1p1f2_gn,SSP245,2016,2050,1.2899872988705852,0.0025838216876282413
755,UKESM1-0-LL,r3i1p1f2_gn,SSP245,2051,2100,2.9480610524094573,0.0030667051977040817
756,UKESM1-0-LL,r4i1p1f2_gn,SSP245,2016,2050,1.2301516171090725,0.0025036381009747
757,UKESM1-0-LL,r4i1p1f2_gn,SSP245,2051,2100,2.9441722464588906,0.0030970153759936896
758,UKESM1-0-LL,r8i1p1f2_gn,SSP245,2016,2050,1.3547700945268843,0.002740598119357053
759,UKESM1-0-LL,r8i1p1f2_gn,SSP245,2051,2100,2.83951050748027,0.0033040515014103483
760,ACCESS-CM2,r1i1p1f1_gn,SSP585,2016,2050,1.2067324066426295,0.0030691108721144058
761,ACCESS-CM2,r1i1p1f1_gn,SSP585,2051,2100,3.7687305434248515,0.0055417430644132655
762,ACCESS-CM2,r2i1p1f1_gn,SSP585,2016,2050,1.1237243970463737,0.0030074774780694175
763,ACCESS-CM2,r2i1p1f1_gn,SSP585,2051,2100,3.7531106434461776,0.0056027782206632655
764,ACCESS-CM2,r3i1p1f1_gn,SSP585,2016,2050,1.035410361092488,0.0028297574642826527
765,ACCESS-CM2,r3i1p1f1_gn,SSP585,2051,2100,3.6221708936309938,0.00462289428224369
766,ACCESS-ESM1-5,r1i1p1f1_gn,SSP585,2016,2050,0.9255195077744247,0.002740598119357053
767,ACCESS-ESM1-5,r1i1p1f1_gn,SSP585,2051,2100,3.025548319959171,0.004663999591554914
768,ACCESS-ESM1-5,r2i1p1f1_gn,SSP585,2016,2050,1.0862197213793365,0.0027729108491364647
769,ACCESS-ESM1-5,r2i1p1f1_gn,SSP585,2051,2100,3.1798968690310403,0.004621233258928571
770,ACCESS-ESM1-5,r3i1p1f1_gn,SSP585,2016,2050,1.0401839723720059,0.002201454166103812
771,ACCESS-ESM1-5,r3i1p1f1_gn,SSP585,2051,2100,3.209510394630456,0.004047004544005102
772,BCC-CSM2-MR,r1i1p1f1_gn,SSP585,2016,2050,0.9584607284863296,0.001604267122114406
773,CAMS-CSM1-0,r1i1p1f1_gn,SSP585,2016,2050,0.595824528185517,0.0017454857554505853
774,CAMS-CSM1-0,r2i1p1f1_gn,SSP585,2016,2050,0.4945567769149193,0.003019445082720588
775,CAMS-CSM1-0,r2i1p1f1_gn,SSP585,2051,2100,1.8830276698106445,0.006055351422757519
776,CanESM5,r10i1p2f1_gn,SSP585,2016,2050,1.451017300733497,0.0030816769336952884
777,CanESM5,r10i1p2f1_gn,SSP585,2051,2100,4.524607513782485,0.0061520946269132655
778,CanESM5,r1i1p1f1_gn,SSP585,2016,2050,1.3629831413136344,0.003042782054227941
779,CanESM5,r1i1p1f1_gn,SSP585,2051,2100,4.490722764608336,0.0060877374240330285
780,CanESM5,r1i1p2f1_gn,SSP585,2016,2050,1.441544155889403,0.0030439787489526414
781,CanESM5,r1i1p2f1_gn,SSP585,2051,2100,4.537287847794573,0.006101024394132653
782,CanESM5,r2i1p1f1_gn,SSP585,2016,2050,1.5790752666902677,0.0030332078390261706
783,CanESM5,r2i1p1f1_gn,SSP585,2051,2100,4.610246449821716,0.006037498007015306
784,CanESM5,r2i1p2f1_gn,SSP585,2016,2050,1.4330503801460281,0.0031092026654411763
785,CanESM5,r2i1p2f1_gn,SSP585,2051,2100,4.556678075616162,0.006200258829155747
786,CanESM5,r3i1p1f1_gn,SSP585,2016,2050,1.45891396042515,0.003091849386692047
787,CanESM5,r3i1p1f1_gn,SSP585,2051,2100,4.600486865591392,0.006072375239158163
788,CanESM5,r3i1p2f1_gn,SSP585,2016,2050,1.4704178352665735,0.003096038366065306
789,CanESM5,r3i1p2f1_gn,SSP585,2051,2100,4.601467767220697,0.006106006855867347
790,CanESM5,r4i1p1f1_gn,SSP585,2016,2050,1.3333258241079875,0.003128949333639706
791,CanESM5,r4i1p1f1_gn,SSP585,2051,2100,4.412805333607139,0.006015492337090629
792,CanESM5,r4i1p2f1_gn,SSP585,2016,2050,1.4437121665565087,0.003061930484631482
793,CanESM5,r4i1p2f1_gn,SSP585,2051,2100,4.530561895666324,0.006121785056834318
794,CanESM5,r5i1p1f1_gn,SSP585,2016,2050,1.432530794309912,0.003105612362132353
795,CanESM5,r5i1p1f1_gn,SSP585,2051,2100,4.539439264316911,0.006028363899308808
796,CanESM5,r5i1p2f1_gn,SSP585,2016,2050,1.3866777346763683,0.0030385932939894058
797,CanESM5,r5i1p2f1_gn,SSP585,2051,2100,4.525813799370837,0.00602213521392978
798,CanESM5,r6i1p2f1_gn,SSP585,2016,2050,1.5125005310008532,0.003057143267463235
799,CanESM5,r6i1p2f1_gn,SSP585,2051,2100,4.592921567643884,0.00608400118594267
800,CanESM5,r7i1p2f1_gn,SSP585,2016,2050,1.4446417056878431,0.0030828738475547116
801,CanESM5,r7i1p2f1_gn,SSP585,2051,2100,4.522803369482631,0.006212714983492481
802,CanESM5,r8i1p1f1_gn,SSP585,2016,2050,1.285560270769281,0.0030176499310661763
803,CanESM5,r8i1p1f1_gn,SSP585,2051,2100,4.403399761366643,0.006049123953799813
804,CanESM5,r8i1p2f1_gn,SSP585,2016,2050,1.5101239632196553,0.0029578114695408765
805,CanESM5,r8i1p2f1_gn,SSP585,2051,2100,4.646439284812857,0.006069468600409371
806,CanESM5,r9i1p2f1_gn,SSP585,2016,2050,1.422114088558999,0.002847110523897059
807,CanESM5,r9i1p2f1_gn,SSP585,2051,2100,4.455186057184676,0.0060528601918901715
808,CESM2-WACCM,r2i1p1f1_gr,SSP585,2016,2050,1.0016669802136562,0.003960703225696788
809,CESM2-WACCM,r2i1p1f1_gr,SSP585,2051,2100,3.510769537195017,0.0074238679846938774
810,CIESM,r1i1p1f1_gn,SSP585,2016,2050,0.9812230355915403,0.002330705085221459
811,CIESM,r1i1p1f1_gn,SSP585,2051,2100,3.8513925991128986,0.00420685811918609
812,CMCC-CM2-SR5,r1i1p1f1_gn,SSP585,2016,2050,0.9054922689683167,0.0025449265890261706
813,CMCC-CM2-SR5,r1i1p1f1_gn,SSP585,2051,2100,3.2846455086901187,0.004307752969313641
814,E3SM-1-1,r1i1p1f1_gr,SSP585,2016,2050,1.59698515446604,0.002355837427517947
815,E3SM-1-1,r1i1p1f1_gr,SSP585,2051,2100,5.158361247759899,0.004479648507371241
816,EC-Earth3,r1i1p1f1_gn,SSP585,2016,2050,1.0615696464947177,0.002175723805147059
817,EC-Earth3,r1i1p1f1_gn,SSP585,2051,2100,3.359314894168847,0.0045722388491338615
818,EC-Earth3-CC,r1i1p1f1_gn,SSP585,2016,2050,0.5915107137864197,0.0023342956076650057
819,EC-Earth3-CC,r1i1p1f1_gn,SSP585,2051,2100,2.957445566766694,0.004592168696072637
820,EC-Earth3-Veg,r1i1p1f1_gn,SSP585,2016,2050,0.9213605385058941,0.0022894168163047116
821,EC-Earth3-Veg,r1i1p1f1_gn,SSP585,2051,2100,3.2849386547391077,0.004583449388036923
822,EC-Earth3-Veg-LR,r1i1p1f1_gn,SSP585,2016,2050,0.792329215190307,0.002471923828125
823,EC-Earth3-Veg-LR,r1i1p1f1_gn,SSP585,2051,2100,3.1353950393153696,0.004107624292373657
824,FGOALS-f3-L,r1i1p1f1_gn,SSP585,2016,2050,0.8322146242074382,0.00041707355857771984
825,FGOALS-f3-L,r1i1p1f1_gn,SSP585,2051,2100,2.7829819629452004,0.001818183429387151
826,FGOALS-g3,r1i1p1f1_gn,SSP585,2016,2050,0.6616401608673073,0.0025521071956438176
827,FGOALS-g3,r1i1p1f1_gn,SSP585,2051,2100,2.1929424742643278,0.00482260815951289
828,FIO-ESM-2-0,r1i1p1f1_gn,SSP585,2016,2050,0.9214371822984617,0.0025844199254232295
829,FIO-ESM-2-0,r1i1p1f1_gn,SSP585,2051,2100,3.26253929962661,0.004592999511835527
830,GFDL-CM4,r1i1p1f1_gn,SSP585,2016,2050,0.9464245234345299,0.0019393622436944175
831,GFDL-CM4,r1i1p1f1_gn,SSP585,2051,2100,3.1459173756302903,0.0036376124742079755
832,GFDL-ESM4,r1i1p1f1_gn,SSP585,2016,2050,0.7156126918208656,0.002996108111213235
833,GFDL-ESM4,r1i1p1f1_gn,SSP585,2051,2100,2.402924334714612,0.005525135264104726
834,HadGEM3-GC31-LL,r1i1p1f3_gn,SSP585,2016,2050,1.4424434337987577,0.002936868106617647
835,HadGEM3-GC31-LL,r1i1p1f3_gn,SSP585,2051,2100,4.251246051434748,0.00552555006377551
836,HadGEM3-GC31-LL,r2i1p1f3_gn,SSP585,2016,2050,1.2949716633133335,0.0029219084364526414
837,HadGEM3-GC31-LL,r2i1p1f3_gn,SSP585,2051,2100,4.16027004636436,0.005672117277067535
838,HadGEM3-GC31-LL,r3i1p1f3_gn,SSP585,2016,2050,1.4237255018200585,0.0031133914256797116
839,HadGEM3-GC31-LL,r3i1p1f3_gn,SSP585,2051,2100,4.313456090632769,0.005575374681122449
840,HadGEM3-GC31-LL,r4i1p1f3_gn,SSP585,2016,2050,1.4562769166540193,0.003185197272721459
841,HadGEM3-GC31-LL,r4i1p1f3_gn,SSP585,2051,2100,4.341288336655282,0.005909199617346939
842,HadGEM3-GC31-MM,r1i1p1f3_gn,SSP585,2016,2050,1.3289609208983393,0.003310259650735294
843,HadGEM3-GC31-MM,r1i1p1f3_gn,SSP585,2051,2100,4.238548525731403,0.005915843102396751
844,HadGEM3-GC31-MM,r2i1p1f3_gn,SSP585,2016,2050,1.2605872805260674,0.0031385235488414764
845,HadGEM3-GC31-MM,r2i1p1f3_gn,SSP585,2051,2100,4.187668106345029,0.005929959671837943
846,HadGEM3-GC31-MM,r3i1p1f3_gn,SSP585,2016,2050,1.2223540641804789,0.003222297219669118
847,HadGEM3-GC31-MM,r3i1p1f3_gn,SSP585,2051,2100,4.181307299669754,0.0059058775707167025
848,HadGEM3-GC31-MM,r4i1p1f3_gn,SSP585,2016,2050,1.1667407873824232,0.0007336186792920617
849,HadGEM3-GC31-MM,r4i1p1f3_gn,SSP585,2051,2100,4.1212469816561565,0.0015869140625
850,INM-CM4-8,r1i1p1f1_gr1,SSP585,2016,2050,0.7422410517559115,0.0009717753923991147
851,INM-CM4-8,r1i1p1f1_gr1,SSP585,2051,2100,2.3473149816757655,0.0018821249202806123
852,INM-CM5-0,r1i1p1f1_gr1,SSP585,2016,2050,0.7800737695783369,0.0022624895414885353
853,INM-CM5-0,r1i1p1f1_gr1,SSP585,2051,2100,2.27786686938299,0.00436588209502551
854,IPSL-CM6A-LR,r1i1p1f1_gn,SSP585,2016,2050,0.9706474485851686,0.0022469314143938176
855,IPSL-CM6A-LR,r1i1p1f1_gn,SSP585,2051,2100,3.7299047597249455,0.0043820750956632655
856,IPSL-CM6A-LR,r2i1p1f1_gn,SSP585,2016,2050,0.9986494518461768,0.0022056431454770707
857,IPSL-CM6A-LR,r2i1p1f1_gn,SSP585,2051,2100,3.60056498209633,0.004292390784438775
858,IPSL-CM6A-LR,r3i1p1f1_gn,SSP585,2016,2050,0.938895906720802,0.0024027050856281727
859,IPSL-CM6A-LR,r3i1p1f1_gn,SSP585,2051,2100,3.6835614267984624,0.004361816206756903
860,MIROC6,r1i1p1f1_gm,SSP585,2016,2050,0.7183282756046196,0.0023099758169230294
861,MIROC6,r1i1p1f1_gm,SSP585,2051,2100,2.4342661556332246,0.004310219263543888
862,MIROC6,r2i1p1f1_gm,SSP585,2016,2050,0.6496230058400556,0.002373990328872905
863,MIROC6,r2i1p1f1_gm,SSP585,2051,2100,2.370636090452024,0.0042896501872004295
864,MIROC6,r3i1p1f1_gm,SSP585,2016,2050,0.6536818503313953,0.001965691061580882
865,MIROC6,r3i1p1f1_gm,SSP585,2051,2100,2.4515988170625747,0.0037671561752046856
866,MPI-ESM1-2-HR,r1i1p1f1_gn,SSP585,2016,2050,0.7005728964523428,0.0020871629171511706
867,MPI-ESM1-2-HR,r1i1p1f1_gn,SSP585,2051,2100,2.3403294780634383,0.003993027672475698
868,MPI-ESM1-2-LR,r1i1p1f1_gn,SSP585,2016,2050,0.6088684492144125,0.002222397748161765
869,MPI-ESM1-2-LR,r1i1p1f1_gn,SSP585,2051,2100,2.334088064414175,0.0039187061543367345
870,MPI-ESM1-2-LR,r2i1p1f1_gn,SSP585,2016,2050,0.5788136539684956,0.002062629250919118
871,MPI-ESM1-2-LR,r2i1p1f1_gn,SSP585,2051,2100,2.351528529079019,0.004067349190614662
872,MPI-ESM1-2-LR,r3i1p1f1_gn,SSP585,2016,2050,0.628275267567119,0.002926095005343942
873,MPI-ESM1-2-LR,r3i1p1f1_gn,SSP585,2051,2100,2.376142408651674,0.005370533587981244
874,MRI-ESM2-0,r1i1p1f1_gm,SSP585,2016,2050,1.1065856576892656,0.0022666783017270707
875,MRI-ESM2-0,r1i1p1f1_gm,SSP585,2051,2100,2.9054030154318866,0.0038323432815318206
876,NESM3,r1i1p1f1_gn,SSP585,2016,2050,1.2097694071913452,0.0020019780187045828
877,NESM3,r1i1p1f1_gn,SSP585,2051,2100,3.399749941502762,0.004097659064798939
878,NorESM2-LM,r1i1p1f1_gm,SSP585,2016,2050,0.6638960521598847,0.0019119734711506788
879,NorESM2-LM,r1i1p1f1_gm,SSP585,2051,2100,2.3402745335117743,0.004041950313412413
880,NorESM2-MM,r1i1p1f1_gm,SSP585,2016,2050,0.8045185568688566,0.002985935439081753
881,NorESM2-MM,r1i1p1f1_gm,SSP585,2051,2100,2.5198748702920852,0.0055317781409438774
882,UKESM1-0-LL,r1i1p1f2_gn,SSP585,2016,2050,1.430913269394921,0.0030649223310105942
883,UKESM1-0-LL,r1i1p1f2_gn,SSP585,2051,2100,4.596253494587245,0.005603609036426155
884,UKESM1-0-LL,r2i1p1f2_gn,SSP585,2016,2050,1.5600297933275442,0.003035601447610294
885,UKESM1-0-LL,r2i1p1f2_gn,SSP585,2051,2100,4.742809059591991,0.005563333326456498
886,UKESM1-0-LL,r3i1p1f2_gn,SSP585,2016,2050,1.4685385443189034,0.002924900282831753
887,UKESM1-0-LL,r3i1p1f2_gn,SSP585,2051,2100,4.575459771898181,0.005687064662271616
888,UKESM1-0-LL,r4i1p1f2_gn,SSP585,2016,2050,1.4129803017671065,0.002900965073529412
889,UKESM1-0-LL,r4i1p1f2_gn,SSP585,2051,2100,4.606622584484285,0.0056168947901044574
890,UKESM1-0-LL,r8i1p1f2_gn,SSP585,2016,2050,1.4416014965428303,0.0031654506045229293
891,UKESM1-0-LL,r8i1p1f2_gn,SSP585,2051,2100,4.455982221884824,0.005622821194784982
