Component,Source,CMIPModel,Run,Scenario,startyr,endyr,Tavg,dSdt
steric,CMIP6_RB,ACCESS-CM2,r1i1p1f1_gn,historical,1850,1900,-0.6174942650131356,0.15249723546645222
steric,CMIP6_RB,ACCESS-ESM1-5,r1i1p1f1_gn,historical,1850,1900,-0.8089585373724049,0.33719836964326744
steric,CMIP6_RB,BCC-CSM2-MR,r1i1p1f1_gn,historical,1850,1900,-0.6589995582923507,0.4425502103917739
steric,CMIP6_RB,BCC-CSM2-MR,r2i1p1f1_gn,historical,1850,1900,-1.0245120115628197,0.25585443833295035
steric,CMIP6_RB,BCC-CSM2-MR,r3i1p1f1_gn,historical,1850,1900,-0.8610965756370774,0.12170765446681603
steric,CMIP6_RB,BCC-ESM1,r1i1p1f1_gn,historical,1850,1900,-0.46715475752495195,0.09965810588761873
steric,CMIP6_RB,BCC-ESM1,r2i1p1f1_gn,historical,1850,1900,-0.5640074077414852,0.05450734905168122
steric,CMIP6_RB,BCC-ESM1,r3i1p1f1_gn,historical,1850,1900,-0.4753075930561863,0.28305382822074143
steric,CMIP6_RB,CAMS-CSM1-0,r1i1p1f1_gn,historical,1850,1900,-0.6542680539901653,0.14771020178701363
steric,CMIP6_RB,CanESM5,r10i1p1f1_gn,historical,1850,1900,-1.2666537880281794,0.056030497831456805
steric,CMIP6_RB,CanESM5,r10i1p2f1_gn,historical,1850,1900,-1.2835501589461273,0.01914828431372549
steric,CMIP6_RB,CanESM5,r11i1p1f1_gn,historical,1850,1900,-1.2917429519634993,0.07423587873870251
steric,CMIP6_RB,CanESM5,r12i1p1f1_gn,historical,1850,1900,-1.3340899040366594,0.08591341504863664
steric,CMIP6_RB,CanESM5,r13i1p1f1_gn,historical,1850,1900,-1.3353263013372612,-0.019112007290709252
steric,CMIP6_RB,CanESM5,r14i1p1f1_gn,historical,1850,1900,-1.2995628020015033,0.005838730755974264
steric,CMIP6_RB,CanESM5,r15i1p1f1_gn,historical,1850,1900,-1.2866496852793716,0.10749151192459405
steric,CMIP6_RB,CanESM5,r16i1p1f1_gn,historical,1850,1900,-1.235677332606599,0.03423481361538756
steric,CMIP6_RB,CanESM5,r17i1p1f1_gn,historical,1850,1900,-1.2966652907123262,0.05084452909581801
steric,CMIP6_RB,CanESM5,r18i1p1f1_gn,historical,1850,1900,-1.367600495478655,0.08834322761086856
steric,CMIP6_RB,CanESM5,r19i1p1f1_gn,historical,1850,1900,-1.308222974465025,0.032566556743547026
steric,CMIP6_RB,CanESM5,r1i1p1f1_gn,historical,1850,1900,-1.2267936855262178,0.05142477446911382
steric,CMIP6_RB,CanESM5,r1i1p2f1_gn,historical,1850,1900,-1.3373386854718206,0.10662116256414675
steric,CMIP6_RB,CanESM5,r20i1p1f1_gn,historical,1850,1900,-1.2618771294215207,0.08950371835746017
steric,CMIP6_RB,CanESM5,r21i1p1f1_gn,historical,1850,1900,-1.3193661958821394,0.037136077880859375
steric,CMIP6_RB,CanESM5,r22i1p1f1_gn,historical,1850,1900,-1.341634229928502,0.17019488764744178
steric,CMIP6_RB,CanESM5,r23i1p1f1_gn,historical,1850,1900,-1.3442605645075218,0.1017615374396829
steric,CMIP6_RB,CanESM5,r24i1p1f1_gn,historical,1850,1900,-1.3444582420401048,0.14169004851696537
steric,CMIP6_RB,CanESM5,r25i1p1f1_gn,historical,1850,1900,-1.2544712448703876,-0.03822408937940411
steric,CMIP6_RB,CanESM5,r2i1p1f1_gn,historical,1850,1900,-1.1663750400281856,0.037172280105890014
steric,CMIP6_RB,CanESM5,r2i1p2f1_gn,historical,1850,1900,-1.26367981385323,-0.028359731038411457
steric,CMIP6_RB,CanESM5,r3i1p1f1_gn,historical,1850,1900,-1.2234106377077865,0.10542439479453891
steric,CMIP6_RB,CanESM5,r3i1p2f1_gn,historical,1850,1900,-1.212313606278201,0.14241536458333334
steric,CMIP6_RB,CanESM5,r4i1p1f1_gn,historical,1850,1900,-1.3712314064555358,0.05254895079369638
steric,CMIP6_RB,CanESM5,r4i1p2f1_gn,historical,1850,1900,-1.2666179030567832,-0.0011604907465916053
steric,CMIP6_RB,CanESM5,r5i1p1f1_gn,historical,1850,1900,-1.2025996045201737,0.03760752958409926
steric,CMIP6_RB,CanESM5,r5i1p2f1_gn,historical,1850,1900,-1.3262200327924916,0.09407320209577971
steric,CMIP6_RB,CanESM5,r6i1p1f1_gn,historical,1850,1900,-1.3102782269021986,-0.021904515285117953
steric,CMIP6_RB,CanESM5,r6i1p2f1_gn,historical,1850,1900,-1.2907108269897094,-0.06154288497625613
steric,CMIP6_RB,CanESM5,r7i1p1f1_gn,historical,1850,1900,-1.260995066421458,0.04855974982766544
steric,CMIP6_RB,CanESM5,r7i1p2f1_gn,historical,1850,1900,-1.3591116377954222,-0.009138967476639092
steric,CMIP6_RB,CanESM5,r8i1p1f1_gn,historical,1850,1900,-1.3490102897104634,-0.0012692470176547182
steric,CMIP6_RB,CanESM5,r8i1p2f1_gn,historical,1850,1900,-1.1982042683135887,0.053056679519952514
steric,CMIP6_RB,CanESM5,r9i1p1f1_gn,historical,1850,1900,-1.2239704039212143,0.04939389696308211
steric,CMIP6_RB,CanESM5,r9i1p2f1_gn,historical,1850,1900,-1.3638139169528927,0.17023116467045804
steric,CMIP6_RB,CESM2,r11i1p1f1_gr,historical,1850,1900,-0.7112384436493357,0.056284343495088464
steric,CMIP6_RB,CESM2,r2i1p1f1_gr,historical,1850,1900,-0.9707167463753308,0.12885198406144685
steric,CMIP6_RB,CESM2,r4i1p1f1_gr,historical,1850,1900,-0.8951737446749348,0.16004050011728324
steric,CMIP6_RB,CESM2,r6i1p1f1_gr,historical,1850,1900,-0.9478895424765597,0.23206411623487286
steric,CMIP6_RB,CESM2,r8i1p1f1_gr,historical,1850,1900,-0.8671332456613641,0.6003784478879443
steric,CMIP6_RB,CIESM,r1i1p1f1_gn,historical,1850,1900,-1.209504024469254,0.42209640203737747
steric,CMIP6_RB,CMCC-CM2-SR5,r1i1p1f1_gn,historical,1850,1900,-1.1084295897591119,0.38144250009574143
steric,CMIP6_RB,CMCC-ESM2,r1i1p1f1_gn,historical,1850,1900,-1.05186819465996,
steric,CMIP6_RB,CNRM-CM6-1,r10i1p1f2_gn,historical,1850,1900,-0.758351725048783,
steric,CMIP6_RB,CNRM-CM6-1,r1i1p1f2_gn,historical,1850,1900,-0.8373497214319627,
steric,CMIP6_RB,CNRM-CM6-1,r2i1p1f2_gn,historical,1850,1900,-0.7766019969776039,
steric,CMIP6_RB,CNRM-CM6-1,r3i1p1f2_gn,historical,1850,1900,-0.8292999680260777,
steric,CMIP6_RB,CNRM-CM6-1,r4i1p1f2_gn,historical,1850,1900,-0.7691699040695994,
steric,CMIP6_RB,CNRM-CM6-1,r5i1p1f2_gn,historical,1850,1900,-0.8335841312065213,
steric,CMIP6_RB,CNRM-CM6-1,r6i1p1f2_gn,historical,1850,1900,-0.9125812394207742,
steric,CMIP6_RB,CNRM-CM6-1,r7i1p1f2_gn,historical,1850,1900,-0.7271545612949808,
steric,CMIP6_RB,CNRM-CM6-1,r8i1p1f2_gn,historical,1850,1900,-0.4538952718289124,
steric,CMIP6_RB,CNRM-CM6-1,r9i1p1f2_gn,historical,1850,1900,-0.6892717918463518,
steric,CMIP6_RB,CNRM-ESM2-1,r2i1p1f2_gn,historical,1850,1900,-0.674989664678435,
steric,CMIP6_RB,CNRM-ESM2-1,r3i1p1f2_gn,historical,1850,1900,-0.5044792248319823,
steric,CMIP6_RB,CNRM-ESM2-1,r4i1p1f2_gn,historical,1850,1900,-0.5287129137040552,
steric,CMIP6_RB,CNRM-ESM2-1,r5i1p1f2_gn,historical,1850,1900,-0.5359357678574383,0.021251697166293274
steric,CMIP6_RB,E3SM-1-1,r1i1p1f1_gr,historical,1850,1900,-0.47922150455605106,0.061325283611522
steric,CMIP6_RB,E3SM-1-1-ECA,r1i1p1f1_gr,historical,1850,1900,-0.6075594368397219,0.08805308622472427
steric,CMIP6_RB,EC-Earth3-CC,r1i1p1f1_gn,historical,1850,1900,-1.4027734797650169,0.3515595828785616
steric,CMIP6_RB,EC-Earth3-Veg,r1i1p1f1_gn,historical,1850,1900,-1.3220684628331014,0.1832142250210631
steric,CMIP6_RB,FGOALS-f3-L,r1i1p1f1_gn,historical,1850,1900,-1.0877670296078463,-1.792758118872549
steric,CMIP6_RB,FGOALS-g3,r1i1p1f1_gn,historical,1850,1900,-0.9802967429715181,0.1832142250210631
steric,CMIP6_RB,FIO-ESM-2-0,r1i1p1f1_gn,historical,1850,1900,-1.1764135636753394,0.41778070786420035
steric,CMIP6_RB,GFDL-CM4,r1i1p1f1_gn,historical,1850,1900,-0.7184561893076875,0.2603876076492609
steric,CMIP6_RB,GFDL-ESM4,r1i1p1f1_gn,historical,1850,1900,-0.62136354373024,-0.018531761917413448
steric,CMIP6_RB,GISS-E2-1-G,r10i1p1f1_gn,historical,1850,1900,-0.6847377844029552,0.021287992888805913
steric,CMIP6_RB,GISS-E2-1-G,r1i1p1f1_gn,historical,1850,1900,-0.6701585783718542,0.0130919662176394
steric,CMIP6_RB,GISS-E2-1-G,r2i1p1f1_gn,historical,1850,1900,-0.7156207890940323,0.0826858071719899
steric,CMIP6_RB,GISS-E2-1-G,r3i1p1f1_gn,historical,1850,1900,-0.7769761483846196,0.1104290532130821
steric,CMIP6_RB,GISS-E2-1-G,r4i1p1f1_gn,historical,1850,1900,-0.6966733905592832,0.011967677696078432
steric,CMIP6_RB,GISS-E2-1-G,r5i1p1f1_gn,historical,1850,1900,-0.7103881082921362,-7.2479248046875e-05
steric,CMIP6_RB,GISS-E2-1-G,r6i1p1f1_gn,historical,1850,1900,-0.7308234483233491,0.01247540642233456
steric,CMIP6_RB,GISS-E2-1-G,r7i1p1f1_gn,historical,1850,1900,-0.7501702344555952,0.036084343405330885
steric,CMIP6_RB,GISS-E2-1-G,r8i1p1f1_gn,historical,1850,1900,-0.7574937921613127,-0.0010154200535194547
steric,CMIP6_RB,GISS-E2-1-G,r9i1p1f1_gn,historical,1850,1900,-0.7317513261294835,-0.061180189544079354
steric,CMIP6_RB,GISS-E2-1-G-CC,r1i1p1f1_gn,historical,1850,1900,-0.8006205076856077,0.1268936232024548
steric,CMIP6_RB,HadGEM3-GC31-LL,r1i1p1f3_gn,historical,1850,1900,-0.7459089893893065,0.0738369062835095
steric,CMIP6_RB,HadGEM3-GC31-LL,r2i1p1f3_gn,historical,1850,1900,-0.8888284232023693,0.10226922876694623
steric,CMIP6_RB,HadGEM3-GC31-LL,r3i1p1f3_gn,historical,1850,1900,-0.5743139414759071,0.03238528382544424
steric,CMIP6_RB,HadGEM3-GC31-LL,r4i1p1f3_gn,historical,1850,1900,-0.49920486774618666,0.13363905513987823
steric,CMIP6_RB,HadGEM3-GC31-LL,r5i1p1f3_gn,historical,1850,1900,-0.4511655231109444,0.4178896137312347
steric,CMIP6_RB,HadGEM3-GC31-MM,r1i1p1f3_gn,historical,1850,1900,-0.6563777779393263,0.5381103216433057
steric,CMIP6_RB,HadGEM3-GC31-MM,r2i1p1f3_gn,historical,1850,1900,-0.6910416661169734,0.5222621992522595
steric,CMIP6_RB,HadGEM3-GC31-MM,r3i1p1f3_gn,historical,1850,1900,-0.6724695836944647,0.3926848617254519
steric,CMIP6_RB,HadGEM3-GC31-MM,r4i1p1f3_gn,historical,1850,1900,-0.7047352228829595,-0.7506273307052314
steric,CMIP6_RB,INM-CM4-8,r1i1p1f1_gr1,historical,1850,1900,-0.8513765566731308,-0.6910789340150123
steric,CMIP6_RB,INM-CM5-0,r1i1p1f1_gr1,historical,1850,1900,-0.791365116854422,0.007978476730047488
steric,CMIP6_RB,IPSL-CM5A2-INCA,r1i1p1f1_gn,historical,1850,1900,-1.3026430666056967,-0.01167753630993413
steric,CMIP6_RB,IPSL-CM6A-LR,r1i1p1f1_gn,historical,1850,1900,-1.0826777763616064,-0.07260389888987821
steric,CMIP6_RB,IPSL-CM6A-LR,r2i1p1f1_gn,historical,1850,1900,-1.1393184287875329,0.036954767563763785
steric,CMIP6_RB,IPSL-CM6A-LR,r3i1p1f1_gn,historical,1850,1900,-1.1435724969003331,0.08565955068550858
steric,CMIP6_RB,IPSL-CM6A-LR,r4i1p1f1_gn,historical,1850,1900,-1.0381185369553805,-0.012656716739430147
steric,CMIP6_RB,IPSL-CM6A-LR,r5i1p1f1_gn,historical,1850,1900,-1.1091544631260035,-0.14557049321193322
steric,CMIP6_RB,IPSL-CM6A-LR,r6i1p1f1_gn,historical,1850,1900,-0.8982834984274746,-0.1363227320652382
steric,CMIP6_RB,IPSL-CM6A-LR,r7i1p1f1_gn,historical,1850,1900,-1.1529814851049878,-0.06419028487859987
steric,CMIP6_RB,IPSL-CM6A-LR,r8i1p1f1_gn,historical,1850,1900,-0.9978871164758516,0.06313858780206419
steric,CMIP6_RB,IPSL-CM6A-LR,r9i1p1f1_gn,historical,1850,1900,-1.1708138534445993,-0.11786348679486443
steric,CMIP6_RB,IPSL-CM6A-LR-INCA,r1i1p1f1_gn,historical,1850,1900,-1.0730884402405536,-0.46032041661879597
steric,CMIP6_RB,MIROC6,r1i1p1f1_gm,historical,1850,1900,-0.5902903823158567,-0.01153248431635838
steric,CMIP6_RB,MPI-ESM-1-2-HAM,r1i1p1f1_gn,historical,1850,1900,-0.4541252074652675,-0.04754429237515319
steric,CMIP6_RB,MPI-ESM1-2-HR,r1i1p1f1_gn,historical,1850,1900,-0.8275648415876731,-0.09784489051968444
steric,CMIP6_RB,MPI-ESM1-2-LR,r1i1p1f1_gn,historical,1850,1900,-0.886295348085298,0.23252509622012868
steric,CMIP6_RB,MRI-ESM2-0,r1i1p1f1_gm,historical,1850,1900,-0.7077356322053561,-0.0669102014279833
steric,CMIP6_RB,NESM3,r1i1p1f1_gn,historical,1850,1900,-0.824246626736965,0.04620810583526013
steric,CMIP6_RB,NorESM2-LM,r1i1p1f1_gm,historical,1850,1900,-0.5841489508798645,0.036525759042478075
steric,CMIP6_RB,NorESM2-MM,r1i1p1f1_gm,historical,1850,1900,-0.4716461031428594,-0.11267749935972925
steric,CMIP6_RB,SAM0-UNICON,r1i1p1f1_gn,historical,1850,1900,-0.6469212985735453,-0.040363713806750724
steric,CMIP6_RB,UKESM1-0-LL,r10i1p1f2_gn,historical,1850,1900,-0.8222378881235386,0.040907700856526695
steric,CMIP6_RB,UKESM1-0-LL,r11i1p1f2_gn,historical,1850,1900,-0.6055728942665723,-0.00047145404067693974
steric,CMIP6_RB,UKESM1-0-LL,r12i1p1f2_gn,historical,1850,1900,-0.5770180789330652,0.007361954333735448
steric,CMIP6_RB,UKESM1-0-LL,r13i1p1f2_gn,historical,1850,1900,-0.5527305852256745,-0.051787399778179095
steric,CMIP6_RB,UKESM1-0-LL,r16i1p1f2_gn,historical,1850,1900,-0.7164186023883872,-0.05222259315789914
steric,CMIP6_RB,UKESM1-0-LL,r17i1p1f2_gn,historical,1850,1900,-0.6429981924597996,0.029411474863688152
steric,CMIP6_RB,UKESM1-0-LL,r18i1p1f2_gn,historical,1850,1900,-0.7260097713452183,-0.19931623047473385
steric,CMIP6_RB,UKESM1-0-LL,r19i1p1f2_gn,historical,1850,1900,-0.6225589968515237,-0.10629474415498621
steric,CMIP6_RB,UKESM1-0-LL,r1i1p1f2_gn,historical,1850,1900,-0.6879773285603505,-0.06832456121257707
steric,CMIP6_RB,UKESM1-0-LL,r2i1p1f2_gn,historical,1850,1900,-0.5082653506220254,-0.033988204656862746
steric,CMIP6_RB,UKESM1-0-LL,r3i1p1f2_gn,historical,1850,1900,-0.6642173146820483,-0.11967677696078431
steric,CMIP6_RB,UKESM1-0-LL,r4i1p1f2_gn,historical,1850,1900,-0.5797600779430354,-0.003517772637161554
steric,CMIP6_RB,UKESM1-0-LL,r5i1p1f3_gn,historical,1850,1900,-0.7353572447896113,-0.04975653162189558
steric,CMIP6_RB,UKESM1-0-LL,r6i1p1f3_gn,historical,1850,1900,-0.6694258019959989,-0.06422653852724562
steric,CMIP6_RB,UKESM1-0-LL,r7i1p1f3_gn,historical,1850,1900,-0.5099733148986729,-0.01220703125
steric,CMIP6_RB,UKESM1-0-LL,r8i1p1f2_gn,historical,1850,1900,-0.7697549470370291,-0.01087970593396355
steric,CMIP6_RB,UKESM1-0-LL,r9i1p1f2_gn,historical,1850,1900,-0.5955299404789116,0.27569176169002757
steric,CMIP6_RB,ACCESS-CM2,r1i1p1f1_gn,historical,1900,1950,-0.5883046245950823,0.08217804104674097
steric,CMIP6_RB,ACCESS-ESM1-5,r1i1p1f1_gn,historical,1900,1950,-0.7805070901943623,0.4471921733781403
steric,CMIP6_RB,BCC-CSM2-MR,r1i1p1f1_gn,historical,1900,1950,-0.6363329197492362,0.6291008743585325
steric,CMIP6_RB,BCC-CSM2-MR,r2i1p1f1_gn,historical,1900,1950,-0.9844715472834196,0.5301680471382889
steric,CMIP6_RB,BCC-CSM2-MR,r3i1p1f1_gn,historical,1900,1950,-0.8267950420674879,0.16236148161046646
steric,CMIP6_RB,BCC-ESM1,r1i1p1f1_gn,historical,1900,1950,-0.4286453819418625,0.16475503584917853
steric,CMIP6_RB,BCC-ESM1,r2i1p1f1_gn,historical,1900,1950,-0.4584932293529391,0.1420164482266295
steric,CMIP6_RB,BCC-ESM1,r3i1p1f1_gn,historical,1900,1950,-0.46579742529252144,0.575645222383387
steric,CMIP6_RB,CAMS-CSM1-0,r1i1p1f1_gn,historical,1900,1950,-0.5208677634324772,0.14201642952713311
steric,CMIP6_RB,CanESM5,r10i1p1f1_gn,historical,1900,1950,-1.1207246864771037,0.17592486213235295
steric,CMIP6_RB,CanESM5,r10i1p2f1_gn,historical,1900,1950,-1.15735929648406,0.19467421138987823
steric,CMIP6_RB,CanESM5,r11i1p1f1_gn,historical,1900,1950,-1.1337381689673975,0.15717547547583485
steric,CMIP6_RB,CanESM5,r12i1p1f1_gn,historical,1900,1950,-1.1656294516268417,0.15358520956600413
steric,CMIP6_RB,CanESM5,r13i1p1f1_gn,historical,1900,1950,-1.1517386853008134,0.1775205275591682
steric,CMIP6_RB,CanESM5,r14i1p1f1_gn,historical,1900,1950,-1.1648416006585762,0.20624299142874924
steric,CMIP6_RB,CanESM5,r15i1p1f1_gn,historical,1900,1950,-1.1047455344433956,0.13443692525227866
steric,CMIP6_RB,CanESM5,r16i1p1f1_gn,historical,1900,1950,-1.051793706057424,0.21860960418102787
steric,CMIP6_RB,CanESM5,r17i1p1f1_gn,historical,1900,1950,-1.129374798735114,0.16874421811571308
steric,CMIP6_RB,CanESM5,r18i1p1f1_gn,historical,1900,1950,-1.2089954053130896,0.188690372541839
steric,CMIP6_RB,CanESM5,r19i1p1f1_gn,historical,1900,1950,-1.1035113688931233,0.14760137071796492
steric,CMIP6_RB,CanESM5,r1i1p1f1_gn,historical,1900,1950,-1.0794076797890853,0.10770909926470588
steric,CMIP6_RB,CanESM5,r1i1p2f1_gn,historical,1900,1950,-1.0963456115773056,0.14042076410031787
steric,CMIP6_RB,CanESM5,r20i1p1f1_gn,historical,1900,1950,-1.1143645019373594,0.1862968744016161
steric,CMIP6_RB,CanESM5,r21i1p1f1_gn,historical,1900,1950,-1.0818879943570323,0.2385556838091682
steric,CMIP6_RB,CanESM5,r22i1p1f1_gn,historical,1900,1950,-1.2051596453334241,0.1499948688581878
steric,CMIP6_RB,CanESM5,r23i1p1f1_gn,historical,1900,1950,-1.135732044118754,0.2106310900519876
steric,CMIP6_RB,CanESM5,r24i1p1f1_gn,historical,1900,1950,-1.211360517726746,0.1392239589317172
steric,CMIP6_RB,CanESM5,r25i1p1f1_gn,historical,1900,1950,-1.0830521263163746,0.22339667525945925
steric,CMIP6_RB,CanESM5,r2i1p1f1_gn,historical,1900,1950,-1.0545079036488687,0.24533743016860066
steric,CMIP6_RB,CanESM5,r2i1p2f1_gn,historical,1900,1950,-1.0640641119095449,0.2138224957036037
steric,CMIP6_RB,CanESM5,r3i1p1f1_gn,historical,1900,1950,-1.0931343228136257,0.08457157658595665
steric,CMIP6_RB,CanESM5,r3i1p2f1_gn,historical,1900,1950,-1.0402274805015281,0.15039380391438803
steric,CMIP6_RB,CanESM5,r4i1p1f1_gn,historical,1900,1950,-1.1439847652783897,0.21262572793399587
steric,CMIP6_RB,CanESM5,r4i1p2f1_gn,historical,1900,1950,-1.161210821857992,0.1862968370026233
steric,CMIP6_RB,CanESM5,r5i1p1f1_gn,historical,1900,1950,-1.1393737989927217,0.19188177819345512
steric,CMIP6_RB,CanESM5,r5i1p2f1_gn,historical,1900,1950,-1.1482506599935505,0.17951520284016928
steric,CMIP6_RB,CanESM5,r6i1p1f1_gn,historical,1900,1950,-1.084343568229258,0.17432919670553768
steric,CMIP6_RB,CanESM5,r6i1p2f1_gn,historical,1900,1950,-1.1275613563799993,0.2501244264490464
steric,CMIP6_RB,CanESM5,r7i1p1f1_gn,historical,1900,1950,-1.141992434968131,0.17672269484576056
steric,CMIP6_RB,CanESM5,r7i1p2f1_gn,historical,1900,1950,-1.0970815584807383,0.1890893075980392
steric,CMIP6_RB,CanESM5,r8i1p1f1_gn,historical,1900,1950,-1.2660578690696411,0.22579017339968213
steric,CMIP6_RB,CanESM5,r8i1p2f1_gn,historical,1900,1950,-1.0903765240059329,0.13643156313428692
steric,CMIP6_RB,CanESM5,r9i1p1f1_gn,historical,1900,1950,-1.0735913659585776,0.16036688112745098
steric,CMIP6_RB,CanESM5,r9i1p2f1_gn,historical,1900,1950,-1.2409529510266566,0.09414571874281939
steric,CMIP6_RB,CESM2,r11i1p1f1_gr,historical,1900,1950,-0.6549944883457215,0.14121859681372548
steric,CMIP6_RB,CESM2,r2i1p1f1_gr,historical,1900,1950,-0.8488823090773394,0.14042076410031787
steric,CMIP6_RB,CESM2,r4i1p1f1_gr,historical,1900,1950,-0.7560351737333235,0.19188175949395872
steric,CMIP6_RB,CESM2,r6i1p1f1_gr,historical,1900,1950,-0.815003780062284,0.18669577205882354
steric,CMIP6_RB,CESM2,r8i1p1f1_gr,historical,1900,1950,-0.7184977053764214,0.8560879277248009
steric,CMIP6_RB,CIESM,r1i1p1f1_gn,historical,1900,1950,-0.9317298020798717,0.7005080428777957
steric,CMIP6_RB,CMCC-CM2-SR5,r1i1p1f1_gn,historical,1900,1950,-0.9934243699226499,0.6462545955882353
steric,CMIP6_RB,CMCC-ESM2,r1i1p1f1_gn,historical,1900,1950,-0.9032345472710972,
steric,CMIP6_RB,CNRM-CM6-1,r10i1p1f2_gn,historical,1900,1950,-0.7091602740521239,
steric,CMIP6_RB,CNRM-CM6-1,r1i1p1f2_gn,historical,1900,1950,-0.946665031888358,
steric,CMIP6_RB,CNRM-CM6-1,r2i1p1f2_gn,historical,1900,1950,-0.5680124574798242,
steric,CMIP6_RB,CNRM-CM6-1,r3i1p1f2_gn,historical,1900,1950,-0.60903545703178,
steric,CMIP6_RB,CNRM-CM6-1,r4i1p1f2_gn,historical,1900,1950,-0.677509984297501,
steric,CMIP6_RB,CNRM-CM6-1,r5i1p1f2_gn,historical,1900,1950,-0.9493529552007658,
steric,CMIP6_RB,CNRM-CM6-1,r6i1p1f2_gn,historical,1900,1950,-0.6459915723264658,
steric,CMIP6_RB,CNRM-CM6-1,r7i1p1f2_gn,historical,1900,1950,-0.3438153135390394,
steric,CMIP6_RB,CNRM-CM6-1,r8i1p1f2_gn,historical,1900,1950,-0.4309536844036188,
steric,CMIP6_RB,CNRM-CM6-1,r9i1p1f2_gn,historical,1900,1950,-0.5953295998423869,
steric,CMIP6_RB,CNRM-ESM2-1,r2i1p1f2_gn,historical,1900,1950,-0.8356694990879419,
steric,CMIP6_RB,CNRM-ESM2-1,r3i1p1f2_gn,historical,1900,1950,-0.22577874702324152,
steric,CMIP6_RB,CNRM-ESM2-1,r4i1p1f2_gn,historical,1900,1950,-0.32543097755245753,
steric,CMIP6_RB,CNRM-ESM2-1,r5i1p1f2_gn,historical,1900,1950,-0.5508376852876609,-0.03869549433390299
steric,CMIP6_RB,E3SM-1-1,r1i1p1f1_gr,historical,1900,1950,-0.521442852704638,0.050663172029981426
steric,CMIP6_RB,E3SM-1-1-ECA,r1i1p1f1_gr,historical,1900,1950,-0.6494602519229034,0.43203312742943856
steric,CMIP6_RB,EC-Earth3-CC,r1i1p1f1_gn,historical,1900,1950,-1.2897697741812522,0.46474479226505055
steric,CMIP6_RB,EC-Earth3-Veg,r1i1p1f1_gn,historical,1900,1950,-0.9575471467827583,0.3965290293974035
steric,CMIP6_RB,FGOALS-f3-L,r1i1p1f1_gn,historical,1900,1950,-0.931005626938429,-1.341975492589614
steric,CMIP6_RB,FGOALS-g3,r1i1p1f1_gn,historical,1900,1950,-0.8553694528313258,0.3937365962009804
steric,CMIP6_RB,FIO-ESM-2-0,r1i1p1f1_gn,historical,1900,1950,-0.9877998972110049,0.5920011108996821
steric,CMIP6_RB,GFDL-CM4,r1i1p1f1_gn,historical,1900,1950,-0.7009949573859444,0.17073889339671416
steric,CMIP6_RB,GFDL-ESM4,r1i1p1f1_gn,historical,1900,1950,-0.4067038139810393,0.2864264132929783
steric,CMIP6_RB,GISS-E2-1-G,r10i1p1f1_gn,historical,1900,1950,-0.5830978910170188,0.26249103920132505
steric,CMIP6_RB,GISS-E2-1-G,r1i1p1f1_gn,historical,1900,1950,-0.5616533870671674,0.28961776284610524
steric,CMIP6_RB,GISS-E2-1-G,r2i1p1f1_gn,historical,1900,1950,-0.6361114348659953,0.24613522548301547
steric,CMIP6_RB,GISS-E2-1-G,r3i1p1f1_gn,historical,1900,1950,-0.6683411130256331,0.1551808749928194
steric,CMIP6_RB,GISS-E2-1-G,r4i1p1f1_gn,historical,1900,1950,-0.5654045169559936,0.21262572793399587
steric,CMIP6_RB,GISS-E2-1-G,r5i1p1f1_gn,historical,1900,1950,-0.5881949904474482,0.265283509796741
steric,CMIP6_RB,GISS-E2-1-G,r6i1p1f1_gn,historical,1900,1950,-0.6108734915420655,0.2305772444781135
steric,CMIP6_RB,GISS-E2-1-G,r7i1p1f1_gn,historical,1900,1950,-0.5968417997945608,0.21581713358561197
steric,CMIP6_RB,GISS-E2-1-G,r8i1p1f1_gn,historical,1900,1950,-0.6730602714811766,0.22977941176470587
steric,CMIP6_RB,GISS-E2-1-G,r9i1p1f1_gn,historical,1900,1950,-0.6306000834781003,0.16236148161046646
steric,CMIP6_RB,GISS-E2-1-G-CC,r1i1p1f1_gn,historical,1900,1950,-0.82354485863425,0.16475505454867495
steric,CMIP6_RB,HadGEM3-GC31-LL,r1i1p1f3_gn,historical,1900,1950,-0.7680726473384425,0.3805721881342869
steric,CMIP6_RB,HadGEM3-GC31-LL,r2i1p1f3_gn,historical,1900,1950,-0.8924040299204421,0.18111084956748813
steric,CMIP6_RB,HadGEM3-GC31-LL,r3i1p1f3_gn,historical,1900,1950,-0.5524815098250997,0.2473319932526233
steric,CMIP6_RB,HadGEM3-GC31-LL,r4i1p1f3_gn,historical,1900,1950,-0.5129693796531569,0.16196258395325905
steric,CMIP6_RB,HadGEM3-GC31-LL,r5i1p1f3_gn,historical,1900,1950,-0.4897453281246271,0.4811006433823529
steric,CMIP6_RB,HadGEM3-GC31-MM,r1i1p1f3_gn,historical,1900,1950,-0.6283823034087845,0.4799038756127451
steric,CMIP6_RB,HadGEM3-GC31-MM,r2i1p1f3_gn,historical,1900,1950,-0.6184052646202076,0.566071117625517
steric,CMIP6_RB,HadGEM3-GC31-MM,r3i1p1f3_gn,historical,1900,1950,-0.46112682081906087,0.5628797493728936
steric,CMIP6_RB,HadGEM3-GC31-MM,r4i1p1f3_gn,historical,1900,1950,-0.6521918454708384,-0.5963892469219133
steric,CMIP6_RB,INM-CM4-8,r1i1p1f1_gr1,historical,1900,1950,-0.6667758534034647,-0.5636776194852942
steric,CMIP6_RB,INM-CM5-0,r1i1p1f1_gr1,historical,1900,1950,-0.5454846115839018,0.3526475195791207
steric,CMIP6_RB,IPSL-CM5A2-INCA,r1i1p1f1_gn,historical,1900,1950,-1.1172064438364373,0.21302466299019607
steric,CMIP6_RB,IPSL-CM6A-LR,r1i1p1f1_gn,historical,1900,1950,-0.9345960155811213,0.22698694116928997
steric,CMIP6_RB,IPSL-CM6A-LR,r2i1p1f1_gn,historical,1900,1950,-0.9806918973237089,0.13523475796568626
steric,CMIP6_RB,IPSL-CM6A-LR,r3i1p1f1_gn,historical,1900,1950,-0.9241701088699301,0.07021040074965533
steric,CMIP6_RB,IPSL-CM6A-LR,r4i1p1f1_gn,historical,1900,1950,-0.7532188939113098,0.16595178491928997
steric,CMIP6_RB,IPSL-CM6A-LR,r5i1p1f1_gn,historical,1900,1950,-0.7626178392397946,0.15438304227941177
steric,CMIP6_RB,IPSL-CM6A-LR,r6i1p1f1_gn,historical,1900,1950,-0.7203108170453447,0.25890077329149436
steric,CMIP6_RB,IPSL-CM6A-LR,r7i1p1f1_gn,historical,1900,1950,-1.1759415744955959,0.20544512131634882
steric,CMIP6_RB,IPSL-CM6A-LR,r8i1p1f1_gn,historical,1900,1950,-0.7547039555568631,0.1771216299019608
steric,CMIP6_RB,IPSL-CM6A-LR,r9i1p1f1_gn,historical,1900,1950,-0.8510670755423462,0.16714855268889783
steric,CMIP6_RB,IPSL-CM6A-LR-INCA,r1i1p1f1_gn,historical,1900,1950,-1.0923224430458163,0.3586314332251455
steric,CMIP6_RB,MIROC6,r1i1p1f1_gm,historical,1900,1950,-0.5017175406122192,0.11887892554788028
steric,CMIP6_RB,MPI-ESM-1-2-HAM,r1i1p1f1_gn,historical,1900,1950,-0.41072379444477747,0.27485765195360373
steric,CMIP6_RB,MPI-ESM1-2-HR,r1i1p1f1_gn,historical,1900,1950,-0.6401962313661897,0.27884692771762026
steric,CMIP6_RB,MPI-ESM1-2-LR,r1i1p1f1_gn,historical,1900,1950,-0.7395266397431328,0.36263462141448377
steric,CMIP6_RB,MRI-ESM2-0,r1i1p1f1_gm,historical,1900,1950,-0.583408741758717,0.20464728860294118
steric,CMIP6_RB,NESM3,r1i1p1f1_gn,historical,1900,1950,-0.6911750522650095,-0.0218964184031767
steric,CMIP6_RB,NorESM2-LM,r1i1p1f1_gm,historical,1900,1950,-0.5190779709561184,0.08852778229058958
steric,CMIP6_RB,NorESM2-MM,r1i1p1f1_gm,historical,1900,1950,-0.4679974663966959,-0.04790697378270766
steric,CMIP6_RB,SAM0-UNICON,r1i1p1f1_gn,historical,1900,1950,-0.6103655920808251,-0.028722426470588234
steric,CMIP6_RB,UKESM1-0-LL,r10i1p1f2_gn,historical,1900,1950,-0.7815913838812776,-0.05088076404496735
steric,CMIP6_RB,UKESM1-0-LL,r11i1p1f2_gn,historical,1900,1950,-0.5098507130366556,0.04311990737915039
steric,CMIP6_RB,UKESM1-0-LL,r12i1p1f2_gn,historical,1900,1950,-0.5701030719350229,-0.2413481731040805
steric,CMIP6_RB,UKESM1-0-LL,r13i1p1f2_gn,historical,1900,1950,-0.5183329301084996,0.006963009927787033
steric,CMIP6_RB,UKESM1-0-LL,r16i1p1f2_gn,historical,1900,1950,-0.7336400360077278,0.010879703596526501
steric,CMIP6_RB,UKESM1-0-LL,r17i1p1f2_gn,historical,1900,1950,-0.8882965996345433,-0.021541819852941176
steric,CMIP6_RB,UKESM1-0-LL,r18i1p1f2_gn,historical,1900,1950,-0.7176432405304922,0.043990280113968196
steric,CMIP6_RB,UKESM1-0-LL,r19i1p1f2_gn,historical,1900,1950,-0.6672894038645723,-0.05904054641723633
steric,CMIP6_RB,UKESM1-0-LL,r1i1p1f2_gn,historical,1900,1950,-0.7260606242307972,0.0008703765331530103
steric,CMIP6_RB,UKESM1-0-LL,r2i1p1f2_gn,historical,1900,1950,-0.4255999248973694,0.04092945772058824
steric,CMIP6_RB,UKESM1-0-LL,r3i1p1f2_gn,historical,1900,1950,-0.556048707679281,0.03006425558352003
steric,CMIP6_RB,UKESM1-0-LL,r4i1p1f2_gn,historical,1900,1950,-0.6173952654989989,-0.027924579732558307
steric,CMIP6_RB,UKESM1-0-LL,r5i1p1f3_gn,historical,1900,1950,-0.5472303767342623,-0.012366598727656346
steric,CMIP6_RB,UKESM1-0-LL,r6i1p1f3_gn,historical,1900,1950,-0.5688792919958701,-0.04935760124056947
steric,CMIP6_RB,UKESM1-0-LL,r7i1p1f3_gn,historical,1900,1950,-0.5628308259348387,-0.023935355392156864
steric,CMIP6_RB,UKESM1-0-LL,r8i1p1f2_gn,historical,1900,1950,-0.7729170941778989,-0.049103746227189604
steric,CMIP6_RB,UKESM1-0-LL,r9i1p1f2_gn,historical,1900,1950,-0.4941646716434889,0.40849674449247475
steric,CMIP6_RB,ACCESS-CM2,r1i1p1f1_gn,historical,1992,2014,-0.06592813735750269,1.2330871250318445
steric,CMIP6_RB,ACCESS-ESM1-5,r1i1p1f1_gn,historical,1992,2014,-0.09485506484247708,1.467497452445652
steric,CMIP6_RB,BCC-CSM2-MR,r1i1p1f1_gn,historical,1992,2014,-0.06501476894413827,1.7983255800993547
steric,CMIP6_RB,BCC-CSM2-MR,r2i1p1f1_gn,historical,1992,2014,-0.06417581140829043,1.5851450381071672
steric,CMIP6_RB,BCC-CSM2-MR,r3i1p1f1_gn,historical,1992,2014,-0.0718692711575386,1.225126017694888
steric,CMIP6_RB,BCC-ESM1,r1i1p1f1_gn,historical,1992,2014,-0.060976803641494826,1.2560857689898948
steric,CMIP6_RB,BCC-ESM1,r2i1p1f1_gn,historical,1992,2014,-0.06958062113824326,1.28881487639054
steric,CMIP6_RB,BCC-ESM1,r3i1p1f1_gn,historical,1992,2014,-0.0831055901804234,1.2932376032290251
steric,CMIP6_RB,CAMS-CSM1-0,r1i1p1f1_gn,historical,1992,2014,-0.048880845460132605,1.842554175335428
steric,CMIP6_RB,CanESM5,r10i1p1f1_gn,historical,1992,2014,-0.10720667220226687,1.6081436820652173
steric,CMIP6_RB,CanESM5,r10i1p2f1_gn,historical,1992,2014,-0.10215961812690466,1.6081436820652173
steric,CMIP6_RB,CanESM5,r11i1p1f1_gn,historical,1992,2014,-0.07033870105152573,1.4931499647057576
steric,CMIP6_RB,CanESM5,r12i1p1f1_gn,historical,1992,2014,-0.06611296649526821,1.6762554334557576
steric,CMIP6_RB,CanESM5,r13i1p1f1_gn,historical,1992,2014,-0.10012352775112277,1.6276042772376018
steric,CMIP6_RB,CanESM5,r14i1p1f1_gn,historical,1992,2014,-0.08716258455984871,1.7638274483058765
steric,CMIP6_RB,CanESM5,r15i1p1f1_gn,historical,1992,2014,-0.1018210315955912,1.4471525109332541
steric,CMIP6_RB,CanESM5,r16i1p1f1_gn,historical,1992,2014,-0.06866619749092706,1.6125664089037024
steric,CMIP6_RB,CanESM5,r17i1p1f1_gn,historical,1992,2014,-0.07898568611858536,1.575414574664572
steric,CMIP6_RB,CanESM5,r18i1p1f1_gn,historical,1992,2014,-0.08533064876331764,1.6488338968028193
steric,CMIP6_RB,CanESM5,r19i1p1f1_gn,historical,1992,2014,-0.09505679202135298,1.573645550271739
steric,CMIP6_RB,CanESM5,r1i1p1f1_gn,historical,1992,2014,-0.08527174833255913,1.627604111381199
steric,CMIP6_RB,CanESM5,r1i1p2f1_gn,historical,1992,2014,-0.09184437940842827,1.589567764945652
steric,CMIP6_RB,CanESM5,r20i1p1f1_gn,historical,1992,2014,-0.08776946429162535,1.6399881114130435
steric,CMIP6_RB,CanESM5,r21i1p1f1_gn,historical,1992,2014,-0.09156812805451864,1.6240658967391304
steric,CMIP6_RB,CanESM5,r22i1p1f1_gn,historical,1992,2014,-0.08448050373885962,1.5975288722826086
steric,CMIP6_RB,CanESM5,r23i1p1f1_gn,historical,1992,2014,-0.07886082113060411,1.4798814524774966
steric,CMIP6_RB,CanESM5,r24i1p1f1_gn,historical,1992,2014,-0.08513442879120703,1.6196430040442424
steric,CMIP6_RB,CanESM5,r25i1p1f1_gn,historical,1992,2014,-0.07282582557434125,1.643526326055112
steric,CMIP6_RB,CanESM5,r2i1p1f1_gn,historical,1992,2014,-0.07092881647616878,1.6099128723144531
steric,CMIP6_RB,CanESM5,r2i1p2f1_gn,historical,1992,2014,-0.09465016357347622,1.578068442966627
steric,CMIP6_RB,CanESM5,r3i1p1f1_gn,historical,1992,2014,-0.08934724866156785,1.4958035012950068
steric,CMIP6_RB,CanESM5,r3i1p2f1_gn,historical,1992,2014,-0.09742039928744362,1.623181218686311
steric,CMIP6_RB,CanESM5,r4i1p1f1_gn,historical,1992,2014,-0.10033181301787408,1.6744862432065217
steric,CMIP6_RB,CanESM5,r4i1p2f1_gn,historical,1992,2014,-0.07864922364223048,1.6426418138586956
steric,CMIP6_RB,CanESM5,r5i1p1f1_gn,historical,1992,2014,-0.08035332832531594,1.5718765258789062
steric,CMIP6_RB,CanESM5,r5i1p2f1_gn,historical,1992,2014,-0.11009675593516022,1.501110906186311
steric,CMIP6_RB,CanESM5,r6i1p1f1_gn,historical,1992,2014,-0.07042641859982268,1.6700633505116338
steric,CMIP6_RB,CanESM5,r6i1p2f1_gn,historical,1992,2014,-0.08604586758173127,1.53295550139054
steric,CMIP6_RB,CanESM5,r7i1p1f1_gn,historical,1992,2014,-0.07773948065175773,1.5833758478579314
steric,CMIP6_RB,CanESM5,r7i1p2f1_gn,historical,1992,2014,-0.06813137878617681,1.4798812866210938
steric,CMIP6_RB,CanESM5,r8i1p1f1_gn,historical,1992,2014,-0.09103360753977086,1.6099128723144531
steric,CMIP6_RB,CanESM5,r8i1p2f1_gn,historical,1992,2014,-0.06826757119063132,1.6815628383470618
steric,CMIP6_RB,CanESM5,r9i1p1f1_gn,historical,1992,2014,-0.08752991438888102,1.623181384542714
steric,CMIP6_RB,CanESM5,r9i1p2f1_gn,historical,1992,2014,-0.10127828430677255,1.2021272078804348
steric,CMIP6_RB,CESM2,r11i1p1f1_gr,historical,1992,2014,-0.06291595688691132,1.2737771739130435
steric,CMIP6_RB,CESM2,r2i1p1f1_gr,historical,1992,2014,-0.08085667816499154,1.2419327445652173
steric,CMIP6_RB,CESM2,r4i1p1f1_gr,historical,1992,2014,-0.05412091659093221,1.200358017631199
steric,CMIP6_RB,CESM2,r6i1p1f1_gr,historical,1992,2014,-0.06309194252230554,1.4365377011506453
steric,CMIP6_RB,CESM2,r8i1p1f1_gr,historical,1992,2014,-0.06359335129423016,2.3272970448369565
steric,CMIP6_RB,CIESM,r1i1p1f1_gn,historical,1992,2014,-0.0640826235513714,1.7735579117484714
steric,CMIP6_RB,CMCC-CM2-SR5,r1i1p1f1_gn,historical,1992,2014,-0.08586229979607651,1.681562672490659
steric,CMIP6_RB,CMCC-ESM2,r1i1p1f1_gn,historical,1992,2014,-0.07562197734199572,
steric,CMIP6_RB,CNRM-CM6-1,r10i1p1f2_gn,historical,1992,2014,-0.046809236602314286,
steric,CMIP6_RB,CNRM-CM6-1,r1i1p1f2_gn,historical,1992,2014,-0.035768810226329606,
steric,CMIP6_RB,CNRM-CM6-1,r2i1p1f2_gn,historical,1992,2014,-0.03072895030163636,
steric,CMIP6_RB,CNRM-CM6-1,r3i1p1f2_gn,historical,1992,2014,-0.04507154384810974,
steric,CMIP6_RB,CNRM-CM6-1,r4i1p1f2_gn,historical,1992,2014,-0.03792209050783413,
steric,CMIP6_RB,CNRM-CM6-1,r5i1p1f2_gn,historical,1992,2014,-0.04662874427259567,
steric,CMIP6_RB,CNRM-CM6-1,r6i1p1f2_gn,historical,1992,2014,-0.049896366126404246,
steric,CMIP6_RB,CNRM-CM6-1,r7i1p1f2_gn,historical,1992,2014,-0.0467047958780995,
steric,CMIP6_RB,CNRM-CM6-1,r8i1p1f2_gn,historical,1992,2014,-0.03366802010731362,
steric,CMIP6_RB,CNRM-CM6-1,r9i1p1f2_gn,historical,1992,2014,-0.050228047900361616,
steric,CMIP6_RB,CNRM-ESM2-1,r2i1p1f2_gn,historical,1992,2014,-0.03078142984600163,
steric,CMIP6_RB,CNRM-ESM2-1,r3i1p1f2_gn,historical,1992,2014,-0.024105947812017803,
steric,CMIP6_RB,CNRM-ESM2-1,r4i1p1f2_gn,historical,1992,2014,-0.04262569009017625,
steric,CMIP6_RB,CNRM-ESM2-1,r5i1p1f2_gn,historical,1992,2014,-0.042780455790136784,0.9385260706362517
steric,CMIP6_RB,E3SM-1-1,r1i1p1f1_gr,historical,1992,2014,-0.06214463298482542,1.04467425139054
steric,CMIP6_RB,E3SM-1-1-ECA,r1i1p1f1_gr,historical,1992,2014,-0.07436249954531604,1.2958913056746773
steric,CMIP6_RB,EC-Earth3-CC,r1i1p1f1_gn,historical,1992,2014,-0.08047753976200056,1.5586078477942424
steric,CMIP6_RB,EC-Earth3-Veg,r1i1p1f1_gn,historical,1992,2014,-0.07167544548985916,1.318005603292714
steric,CMIP6_RB,FGOALS-f3-L,r1i1p1f1_gn,historical,1992,2014,-0.046015552781000224,-0.20168138586956522
steric,CMIP6_RB,FGOALS-g3,r1i1p1f1_gn,historical,1992,2014,-0.07632820193578027,1.4754585597826086
steric,CMIP6_RB,FIO-ESM-2-0,r1i1p1f1_gn,historical,1992,2014,-0.05728763274339599,1.6187584918478262
steric,CMIP6_RB,GFDL-CM4,r1i1p1f1_gn,historical,1992,2014,-0.07555497005006373,1.2092038030209749
steric,CMIP6_RB,GFDL-ESM4,r1i1p1f1_gn,historical,1992,2014,-0.07326700577129941,1.184435802957286
steric,CMIP6_RB,GISS-E2-1-G,r10i1p1f1_gn,historical,1992,2014,-0.04813313930270624,1.1216316223144531
steric,CMIP6_RB,GISS-E2-1-G,r1i1p1f1_gn,historical,1992,2014,-0.03766554900732899,1.2038963981296704
steric,CMIP6_RB,GISS-E2-1-G,r2i1p1f1_gn,historical,1992,2014,-0.04963266188383386,1.220703125
steric,CMIP6_RB,GISS-E2-1-G,r3i1p1f1_gn,historical,1992,2014,-0.04490911870624359,1.2357407445492952
steric,CMIP6_RB,GISS-E2-1-G,r4i1p1f1_gn,historical,1992,2014,-0.058409225883451654,1.2401635543159817
steric,CMIP6_RB,GISS-E2-1-G,r5i1p1f1_gn,historical,1992,2014,-0.07699203835522894,1.1915123980978262
steric,CMIP6_RB,GISS-E2-1-G,r6i1p1f1_gn,historical,1992,2014,-0.06392279175082649,1.218049422554348
steric,CMIP6_RB,GISS-E2-1-G,r7i1p1f1_gn,historical,1992,2014,-0.045946231518030345,1.387001783951469
steric,CMIP6_RB,GISS-E2-1-G,r8i1p1f1_gn,historical,1992,2014,-0.06505006722238704,1.10217111007027
steric,CMIP6_RB,GISS-E2-1-G,r9i1p1f1_gn,historical,1992,2014,-0.05113595339025778,1.2357408274774966
steric,CMIP6_RB,GISS-E2-1-G-CC,r1i1p1f1_gn,historical,1992,2014,-0.06223181922638332,1.5807219795558765
steric,CMIP6_RB,HadGEM3-GC31-LL,r1i1p1f3_gn,historical,1992,2014,-0.08743070497416738,1.4966881793478262
steric,CMIP6_RB,HadGEM3-GC31-LL,r2i1p1f3_gn,historical,1992,2014,-0.07319929793254687,1.3719641644021738
steric,CMIP6_RB,HadGEM3-GC31-LL,r3i1p1f3_gn,historical,1992,2014,-0.076984217775248,1.4188462962274966
steric,CMIP6_RB,HadGEM3-GC31-LL,r4i1p1f3_gn,historical,1992,2014,-0.08248316662331945,1.5311863111413044
steric,CMIP6_RB,HadGEM3-GC31-LL,r5i1p1f3_gn,historical,1992,2014,-0.09580125870570555,1.6744862432065217
steric,CMIP6_RB,HadGEM3-GC31-MM,r1i1p1f3_gn,historical,1992,2014,-0.08332757781568034,1.4586516670558765
steric,CMIP6_RB,HadGEM3-GC31-MM,r2i1p1f3_gn,historical,1992,2014,-0.07535331204172735,1.575414574664572
steric,CMIP6_RB,HadGEM3-GC31-MM,r3i1p1f3_gn,historical,1992,2014,-0.05357911942837745,1.6904084578804348
steric,CMIP6_RB,HadGEM3-GC31-MM,r4i1p1f3_gn,historical,1992,2014,-0.06054560804540188,-0.11676289724267047
steric,CMIP6_RB,INM-CM4-8,r1i1p1f1_gr1,historical,1992,2014,-0.06810939519061776,0.10228816322658373
steric,CMIP6_RB,INM-CM5-0,r1i1p1f1_gr1,historical,1992,2014,-0.06694860952330828,1.3188901154891304
steric,CMIP6_RB,IPSL-CM5A2-INCA,r1i1p1f1_gn,historical,1992,2014,-0.06510855633274559,0.9102199388586957
steric,CMIP6_RB,IPSL-CM6A-LR,r1i1p1f1_gn,historical,1992,2014,-0.05812668178390368,1.095979110054348
steric,CMIP6_RB,IPSL-CM6A-LR,r2i1p1f1_gn,historical,1992,2014,-0.057402127030968586,1.073864978292714
steric,CMIP6_RB,IPSL-CM6A-LR,r3i1p1f1_gn,historical,1992,2014,-0.0556096560712831,1.2428172567616338
steric,CMIP6_RB,IPSL-CM6A-LR,r4i1p1f1_gn,historical,1992,2014,-0.0639338562453986,1.21362652985946
steric,CMIP6_RB,IPSL-CM6A-LR,r5i1p1f1_gn,historical,1992,2014,-0.05641755366673351,1.2605086616847827
steric,CMIP6_RB,IPSL-CM6A-LR,r6i1p1f1_gn,historical,1992,2014,-0.06326708033464001,1.0393668464992358
steric,CMIP6_RB,IPSL-CM6A-LR,r7i1p1f1_gn,historical,1992,2014,-0.05057027512702916,1.123400646707286
steric,CMIP6_RB,IPSL-CM6A-LR,r8i1p1f1_gn,historical,1992,2014,-0.06215221018032935,1.2852764958920686
steric,CMIP6_RB,IPSL-CM6A-LR,r9i1p1f1_gn,historical,1992,2014,-0.05549253933668297,0.8102638410485309
steric,CMIP6_RB,IPSL-CM6A-LR-INCA,r1i1p1f1_gn,historical,1992,2014,-0.05804307909977524,1.754097316576087
steric,CMIP6_RB,MIROC6,r1i1p1f1_gm,historical,1992,2014,-0.03575023203291039,1.0517506806746773
steric,CMIP6_RB,MPI-ESM-1-2-HAM,r1i1p1f1_gn,historical,1992,2014,-0.04053023604313921,1.2038963981296704
steric,CMIP6_RB,MPI-ESM1-2-HR,r1i1p1f1_gn,historical,1992,2014,-0.05580499297849428,1.2755462812340779
steric,CMIP6_RB,MPI-ESM1-2-LR,r1i1p1f1_gn,historical,1992,2014,-0.044717693084123766,1.4137243187945823
steric,CMIP6_RB,MRI-ESM2-0,r1i1p1f1_gm,historical,1992,2014,-0.057598877004124915,1.0667883831521738
steric,CMIP6_RB,NESM3,r1i1p1f1_gn,historical,1992,2014,-0.08570777634105298,0.8623265805451766
steric,CMIP6_RB,NorESM2-LM,r1i1p1f1_gm,historical,1992,2014,-0.07437924569137522,0.9771742613419242
steric,CMIP6_RB,NorESM2-MM,r1i1p1f1_gm,historical,1992,2014,-0.028543750145161084,1.012829822042714
steric,CMIP6_RB,SAM0-UNICON,r1i1p1f1_gn,historical,1992,2014,-0.0634839037724646,1.3374660326086956
steric,CMIP6_RB,UKESM1-0-LL,r10i1p1f2_gn,historical,1992,2014,-0.07831897448312475,1.0561735733695652
steric,CMIP6_RB,UKESM1-0-LL,r11i1p1f2_gn,historical,1992,2014,-0.07604007636859933,1.1384383491847827
steric,CMIP6_RB,UKESM1-0-LL,r12i1p1f2_gn,historical,1992,2014,-0.05982879862892787,0.6865852190100629
steric,CMIP6_RB,UKESM1-0-LL,r13i1p1f2_gn,historical,1992,2014,-0.07333902903928902,1.3020833056905996
steric,CMIP6_RB,UKESM1-0-LL,r16i1p1f2_gn,historical,1992,2014,-0.10979911014743493,1.2109728274138079
steric,CMIP6_RB,UKESM1-0-LL,r17i1p1f2_gn,historical,1992,2014,-0.08618695218859784,1.3604648424231487
steric,CMIP6_RB,UKESM1-0-LL,r18i1p1f2_gn,historical,1992,2014,-0.08730885734155436,1.2065500176471213
steric,CMIP6_RB,UKESM1-0-LL,r19i1p1f2_gn,historical,1992,2014,-0.09610819278049121,1.2808537690535835
steric,CMIP6_RB,UKESM1-0-LL,r1i1p1f2_gn,historical,1992,2014,-0.08735235170593114,1.1791283980659817
steric,CMIP6_RB,UKESM1-0-LL,r2i1p1f2_gn,historical,1992,2014,-0.08875079817215692,1.1269390272057576
steric,CMIP6_RB,UKESM1-0-LL,r3i1p1f2_gn,historical,1992,2014,-0.0891335390634822,1.2286642323369565
steric,CMIP6_RB,UKESM1-0-LL,r4i1p1f2_gn,historical,1992,2014,-0.08640385377736948,1.2596240665601648
steric,CMIP6_RB,UKESM1-0-LL,r5i1p1f3_gn,historical,1992,2014,-0.09941825072075972,1.233971637228261
steric,CMIP6_RB,UKESM1-0-LL,r6i1p1f3_gn,historical,1992,2014,-0.08182919062539895,0.9650630950927734
steric,CMIP6_RB,UKESM1-0-LL,r7i1p1f3_gn,historical,1992,2014,-0.08272219446092777,1.387886379076087
steric,CMIP6_RB,UKESM1-0-LL,r8i1p1f2_gn,historical,1992,2014,-0.10708040509075545,1.3507345448369565
steric,CMIP6_RB,UKESM1-0-LL,r9i1p1f2_gn,historical,1992,2014,-0.0813891781683651,1.523225203804348
steric,CMIP6_RB,ACCESS-CM2,r1i1p1f1_gn,ssp126,2016,2050,1.0885261762659297,2.561732700892857
steric,CMIP6_RB,ACCESS-ESM1-5,r1i1p1f1_gn,ssp126,2016,2050,0.6892855064460832,2.095540291922433
steric,CMIP6_RB,BCC-CSM2-MR,r1i1p1f1_gn,ssp126,2016,2050,0.6934293709055055,1.2416294642857142
steric,CMIP6_RB,CAMS-CSM1-0,r1i1p1f1_gn,ssp126,2016,2050,0.42256424088782296,1.3741629464285714
steric,CMIP6_RB,CanESM5,r10i1p1f1_gn,ssp126,2016,2050,1.028230531918723,2.2292364937918525
steric,CMIP6_RB,CanESM5,r10i1p2f1_gn,ssp126,2016,2050,1.1697504498202989,2.1937779017857144
steric,CMIP6_RB,CanESM5,r1i1p1f1_gn,ssp126,2016,2050,1.0161808399117263,2.114141627720424
steric,CMIP6_RB,CanESM5,r1i1p2f1_gn,ssp126,2016,2050,1.0343160301186458,2.1885463169642856
steric,CMIP6_RB,CanESM5,r2i1p1f1_gn,ssp126,2016,2050,1.1974832644428375,2.2036597115652903
steric,CMIP6_RB,CanESM5,r2i1p2f1_gn,ssp126,2016,2050,1.13050792845047,2.1879651750837055
steric,CMIP6_RB,CanESM5,r3i1p1f1_gn,ssp126,2016,2050,1.0903603210966253,2.25830078125
steric,CMIP6_RB,CanESM5,r3i1p2f1_gn,ssp126,2016,2050,1.1846456215299668,2.2507439749581475
steric,CMIP6_RB,CanESM5,r4i1p1f1_gn,ssp126,2016,2050,1.0378478724321099,2.176920427594866
steric,CMIP6_RB,CanESM5,r4i1p2f1_gn,ssp126,2016,2050,1.0570303206241647,2.1943590436662945
steric,CMIP6_RB,CanESM5,r5i1p1f1_gn,ssp126,2016,2050,1.093892193071781,2.162969752720424
steric,CMIP6_RB,CanESM5,r5i1p2f1_gn,ssp126,2016,2050,1.0387683378531847,2.228073992047991
steric,CMIP6_RB,CanESM5,r6i1p1f1_gn,ssp126,2016,2050,1.0077303345847781,2.140299551827567
steric,CMIP6_RB,CanESM5,r6i1p2f1_gn,ssp126,2016,2050,1.0758901827595082,2.2879464285714284
steric,CMIP6_RB,CanESM5,r7i1p1f1_gn,ssp126,2016,2050,1.0614396041326586,2.244349888392857
steric,CMIP6_RB,CanESM5,r7i1p2f1_gn,ssp126,2016,2050,1.0940329797289792,2.1554129464285716
steric,CMIP6_RB,CanESM5,r8i1p1f1_gn,ssp126,2016,2050,0.8808841048272598,2.1699449811662945
steric,CMIP6_RB,CanESM5,r8i1p2f1_gn,ssp126,2016,2050,1.1566619320623204,2.2222610473632813
steric,CMIP6_RB,CanESM5,r9i1p1f1_gn,ssp126,2016,2050,1.0808334704012736,2.1228609357561385
steric,CMIP6_RB,CanESM5,r9i1p2f1_gn,ssp126,2016,2050,1.0874532155444854,2.4158294677734373
steric,CMIP6_RB,CESM2,r2i1p1f1_gr,ssp126,2016,2050,,3.0511766706194194
steric,CMIP6_RB,CIESM,r1i1p1f1_gn,ssp126,2016,2050,0.7051762833223165,
steric,CMIP6_RB,CMCC-CM2-SR5,r1i1p1f1_gn,ssp126,2016,2050,0.7288889457737469,2.052525111607143
steric,CMIP6_RB,CMCC-ESM2,r1i1p1f1_gn,ssp126,2016,2050,0.5814902538688784,1.851399666922433
steric,CMIP6_RB,EC-Earth3-Veg,r1i1p1f1_gn,ssp126,2016,2050,0.6677028643705398,1.7851329258510045
steric,CMIP6_RB,FGOALS-f3-L,r1i1p1f1_gn,ssp126,2016,2050,0.6693756528383688,1.8159412928989955
steric,CMIP6_RB,FGOALS-g3,r1i1p1f1_gn,ssp126,2016,2050,0.4005659572201239,-0.21798270089285715
steric,CMIP6_RB,FIO-ESM-2-0,r1i1p1f1_gn,ssp126,2016,2050,0.7660854039617107,1.8647694178989955
steric,CMIP6_RB,GFDL-ESM4,r1i1p1f1_gn,ssp126,2016,2050,0.6077209889131723,2.4257114955357144
steric,CMIP6_RB,HadGEM3-GC31-LL,r1i1p1f3_gn,ssp126,2016,2050,1.1211467642631305,2.5216238839285716
steric,CMIP6_RB,HadGEM3-GC31-MM,r1i1p1f3_gn,ssp126,2016,2050,1.029395668332313,0.25809151785714285
steric,CMIP6_RB,INM-CM4-8,r1i1p1f1_gr1,ssp126,2016,2050,0.46553397021381215,0.4321606227329799
steric,CMIP6_RB,INM-CM5-0,r1i1p1f1_gr1,ssp126,2016,2050,0.606310999401785,2.118210710797991
steric,CMIP6_RB,IPSL-CM5A2-INCA,r1i1p1f1_gn,ssp126,2016,2050,0.8259282793317766,1.7665318080357142
steric,CMIP6_RB,IPSL-CM6A-LR,r1i1p1f1_gn,ssp126,2016,2050,0.7928473881312925,1.6380672999790737
steric,CMIP6_RB,IPSL-CM6A-LR,r2i1p1f1_gn,ssp126,2016,2050,0.7766253516787742,1.7008463178362165
steric,CMIP6_RB,IPSL-CM6A-LR,r3i1p1f1_gn,ssp126,2016,2050,0.7667970384870273,1.8848502022879465
steric,CMIP6_RB,MIROC6,r1i1p1f1_gm,ssp126,2016,2050,0.566774125646134,1.7977691650390626
steric,CMIP6_RB,MPI-ESM1-2-HR,r1i1p1f1_gn,ssp126,2016,2050,0.5806829905218933,1.4601934160505021
steric,CMIP6_RB,MPI-ESM1-2-LR,r1i1p1f1_gn,ssp126,2016,2050,0.49061727202479233,1.7159598214285714
steric,CMIP6_RB,MRI-ESM2-0,r1i1p1f1_gm,ssp126,2016,2050,0.8199152760720949,1.5485491071428572
steric,CMIP6_RB,NESM3,r1i1p1f1_gn,ssp126,2016,2050,0.9210476527039191,1.6832037789481027
steric,CMIP6_RB,NorESM2-LM,r1i1p1f1_gm,ssp126,2016,2050,0.467042880130748,1.6723414829799108
steric,CMIP6_RB,NorESM2-MM,r1i1p1f1_gm,ssp126,2016,2050,0.6513889376872157,2.7471633911132813
steric,CMIP6_RB,UKESM1-0-LL,r10i1p1f2_gn,ssp126,2016,2050,1.1767196215600393,2.2699264526367187
steric,CMIP6_RB,UKESM1-0-LL,r11i1p1f2_gn,ssp126,2016,2050,1.3673205298966877,2.2333053588867187
steric,CMIP6_RB,UKESM1-0-LL,r12i1p1f2_gn,ssp126,2016,2050,1.3086201409384444,2.276320539202009
steric,CMIP6_RB,UKESM1-0-LL,r16i1p1f2_gn,ssp126,2016,2050,1.1618271498019226,2.0798457554408483
steric,CMIP6_RB,UKESM1-0-LL,r17i1p1f2_gn,ssp126,2016,2050,1.1523183836311546,2.1594818115234373
steric,CMIP6_RB,UKESM1-0-LL,r18i1p1f2_gn,ssp126,2016,2050,1.1750757063625201,2.091471426827567
steric,CMIP6_RB,UKESM1-0-LL,r19i1p1f2_gn,ssp126,2016,2050,1.0797690955192252,2.1949406215122766
steric,CMIP6_RB,UKESM1-0-LL,r1i1p1f2_gn,ssp126,2016,2050,1.1720213788170213,2.3094539097377234
steric,CMIP6_RB,UKESM1-0-LL,r2i1p1f2_gn,ssp126,2016,2050,1.2626108041259272,2.250162615094866
steric,CMIP6_RB,UKESM1-0-LL,r3i1p1f2_gn,ssp126,2016,2050,1.1629393628400635,2.1147227696010042
steric,CMIP6_RB,UKESM1-0-LL,r4i1p1f2_gn,ssp126,2016,2050,1.1324936275896107,2.11181640625
steric,CMIP6_RB,UKESM1-0-LL,r8i1p1f2_gn,ssp126,2016,2050,1.2195906769275666,2.2937591552734373
steric,CMIP6_RB,UKESM1-0-LL,r9i1p1f2_gn,ssp126,2016,2050,1.4123035127851722,2.6396251133510042
steric,CMIP6_RB,ACCESS-CM2,r1i1p1f1_gn,ssp126,2051,2100,1.8234331534332568,2.261149139404297
steric,CMIP6_RB,ACCESS-ESM1-5,r1i1p1f1_gn,ssp126,2051,2100,1.156138339988047,1.7191569519042968
steric,CMIP6_RB,BCC-CSM2-MR,r1i1p1f1_gn,ssp126,2051,2100,0.9830933164753901,1.3094075012207032
steric,CMIP6_RB,CAMS-CSM1-0,r1i1p1f1_gn,ssp126,2051,2100,0.6626538985728985,1.2158202362060546
steric,CMIP6_RB,CanESM5,r10i1p1f1_gn,ssp126,2051,2100,1.5781809353674703,1.4241535949707032
steric,CMIP6_RB,CanESM5,r10i1p2f1_gn,ssp126,2051,2100,1.6107458509620187,1.5657551574707032
steric,CMIP6_RB,CanESM5,r1i1p1f1_gn,ssp126,2051,2100,1.630679084181395,1.4998371887207032
steric,CMIP6_RB,CanESM5,r1i1p2f1_gn,ssp126,2051,2100,1.5570614014464468,1.4298503112792968
steric,CMIP6_RB,CanESM5,r2i1p1f1_gn,ssp126,2051,2100,1.713222001251097,1.5030924987792968
steric,CMIP6_RB,CanESM5,r2i1p2f1_gn,ssp126,2051,2100,1.6298584124350555,1.5148927307128905
steric,CMIP6_RB,CanESM5,r3i1p1f1_gn,ssp126,2051,2100,1.6344128848160722,1.4066569519042968
steric,CMIP6_RB,CanESM5,r3i1p2f1_gn,ssp126,2051,2100,1.706746428272936,1.4998373413085937
steric,CMIP6_RB,CanESM5,r4i1p1f1_gn,ssp126,2051,2100,1.5335424661807338,1.4278157043457032
steric,CMIP6_RB,CanESM5,r4i1p2f1_gn,ssp126,2051,2100,1.6039347222533138,1.4933268737792968
steric,CMIP6_RB,CanESM5,r5i1p1f1_gn,ssp126,2051,2100,1.5819068445340463,1.4518229675292968
steric,CMIP6_RB,CanESM5,r5i1p2f1_gn,ssp126,2051,2100,1.5308746851718524,1.5132649230957032
steric,CMIP6_RB,CanESM5,r6i1p1f1_gn,ssp126,2051,2100,1.5718571856919539,1.42578125
steric,CMIP6_RB,CanESM5,r6i1p2f1_gn,ssp126,2051,2100,1.6001507756919295,1.5193685913085937
steric,CMIP6_RB,CanESM5,r7i1p1f1_gn,ssp126,2051,2100,1.5690393633718713,1.4302572631835937
steric,CMIP6_RB,CanESM5,r7i1p2f1_gn,ssp126,2051,2100,1.6015699964004853,1.5222166442871095
steric,CMIP6_RB,CanESM5,r8i1p1f1_gn,ssp126,2051,2100,1.4935440535899716,1.4518228149414063
steric,CMIP6_RB,CanESM5,r8i1p2f1_gn,ssp126,2051,2100,1.6778759524268025,1.5104167175292968
steric,CMIP6_RB,CanESM5,r9i1p1f1_gn,ssp126,2051,2100,1.6441109545303334,1.4827474975585937
steric,CMIP6_RB,CanESM5,r9i1p2f1_gn,ssp126,2051,2100,1.5576343175609964,2.3213705444335937
steric,CMIP6_RB,CESM2,r2i1p1f1_gr,ssp126,2051,2100,,2.9329428100585937
steric,CMIP6_RB,CIESM,r1i1p1f1_gn,ssp126,2051,2100,0.9927154479508999,
steric,CMIP6_RB,CMCC-CM2-SR5,r1i1p1f1_gn,ssp126,2051,2100,1.5667877886129418,1.8371583557128905
steric,CMIP6_RB,CMCC-ESM2,r1i1p1f1_gn,ssp126,2051,2100,1.6773851891598497,1.336669921875
steric,CMIP6_RB,EC-Earth3-Veg,r1i1p1f1_gn,ssp126,2051,2100,1.110083051131312,1.3651528930664063
steric,CMIP6_RB,FGOALS-f3-L,r1i1p1f1_gn,ssp126,2051,2100,0.9150046309953836,1.2068685150146485
steric,CMIP6_RB,FGOALS-g3,r1i1p1f1_gn,ssp126,2051,2100,0.46702830308043985,-0.73486328125
steric,CMIP6_RB,FIO-ESM-2-0,r1i1p1f1_gn,ssp126,2051,2100,1.0505063848846703,1.2548827362060546
steric,CMIP6_RB,GFDL-ESM4,r1i1p1f1_gn,ssp126,2051,2100,0.8079829447542579,1.9962564086914063
steric,CMIP6_RB,HadGEM3-GC31-LL,r1i1p1f3_gn,ssp126,2051,2100,1.8685475872828192,2.450358123779297
steric,CMIP6_RB,HadGEM3-GC31-MM,r1i1p1f3_gn,ssp126,2051,2100,1.9696734328119305,-0.3605143356323242
steric,CMIP6_RB,INM-CM4-8,r1i1p1f1_gr1,ssp126,2051,2100,0.6713588821549479,-0.13975202560424804
steric,CMIP6_RB,INM-CM5-0,r1i1p1f1_gr1,ssp126,2051,2100,0.7269439078340838,3.2857260131835937
steric,CMIP6_RB,IPSL-CM5A2-INCA,r1i1p1f1_gn,ssp126,2051,2100,2.621308644612668,1.1779784393310546
steric,CMIP6_RB,IPSL-CM6A-LR,r1i1p1f1_gn,ssp126,2051,2100,1.2619855499267487,1.1995442962646485
steric,CMIP6_RB,IPSL-CM6A-LR,r2i1p1f1_gn,ssp126,2051,2100,1.2468665059407726,1.1751302337646485
steric,CMIP6_RB,IPSL-CM6A-LR,r3i1p1f1_gn,ssp126,2051,2100,1.2442016855875977,1.5424124145507812
steric,CMIP6_RB,MIROC6,r1i1p1f1_gm,ssp126,2051,2100,0.8921576741572039,1.5481106567382812
steric,CMIP6_RB,MPI-ESM1-2-HR,r1i1p1f1_gn,ssp126,2051,2100,0.7716976230253749,1.0860189056396485
steric,CMIP6_RB,MPI-ESM1-2-LR,r1i1p1f1_gn,ssp126,2051,2100,0.6587706767446662,1.1169432830810546
steric,CMIP6_RB,MRI-ESM2-0,r1i1p1f1_gm,ssp126,2051,2100,1.1166319333599404,0.9191893768310547
steric,CMIP6_RB,NESM3,r1i1p1f1_gn,ssp126,2051,2100,1.2226919588827059,1.5191424560546876
steric,CMIP6_RB,NorESM2-LM,r1i1p1f1_gm,ssp126,2051,2100,0.6985250927571656,1.4539710998535156
steric,CMIP6_RB,NorESM2-MM,r1i1p1f1_gm,ssp126,2051,2100,0.886305146956829,2.2705079650878908
steric,CMIP6_RB,UKESM1-0-LL,r10i1p1f2_gn,ssp126,2051,2100,1.8236032874077068,1.8762205505371095
steric,CMIP6_RB,UKESM1-0-LL,r11i1p1f2_gn,ssp126,2051,2100,2.084791721854515,1.8339028930664063
steric,CMIP6_RB,UKESM1-0-LL,r12i1p1f2_gn,ssp126,2051,2100,2.038290917104746,1.7533364868164063
steric,CMIP6_RB,UKESM1-0-LL,r16i1p1f2_gn,ssp126,2051,2100,1.9281135047598923,1.7822264099121095
steric,CMIP6_RB,UKESM1-0-LL,r17i1p1f2_gn,ssp126,2051,2100,1.8847362655817506,1.8229165649414063
steric,CMIP6_RB,UKESM1-0-LL,r18i1p1f2_gn,ssp126,2051,2100,1.9194501744028685,1.943359375
steric,CMIP6_RB,UKESM1-0-LL,r19i1p1f2_gn,ssp126,2051,2100,1.8344493729171631,1.8078611755371095
steric,CMIP6_RB,UKESM1-0-LL,r1i1p1f2_gn,ssp126,2051,2100,1.9147996596717576,1.8522135925292968
steric,CMIP6_RB,UKESM1-0-LL,r2i1p1f2_gn,ssp126,2051,2100,2.2424459788275044,1.8497721862792968
steric,CMIP6_RB,UKESM1-0-LL,r3i1p1f2_gn,ssp126,2051,2100,2.0497032702442084,1.7875163269042968
steric,CMIP6_RB,UKESM1-0-LL,r4i1p1f2_gn,ssp126,2051,2100,1.9676311938208073,1.7537434387207032
steric,CMIP6_RB,UKESM1-0-LL,r8i1p1f2_gn,ssp126,2051,2100,1.880709411410578,1.7130534362792968
steric,CMIP6_RB,UKESM1-0-LL,r9i1p1f2_gn,ssp126,2051,2100,2.2737919148731294,2.1842446899414063
steric,CMIP6_RB,ACCESS-CM2,r1i1p1f1_gn,ssp245,2016,2050,1.0963044192298526,2.6221867152622766
steric,CMIP6_RB,ACCESS-ESM1-5,r1i1p1f1_gn,ssp245,2016,2050,0.8162360240676207,2.3983910696847097
steric,CMIP6_RB,BCC-CSM2-MR,r1i1p1f1_gn,ssp245,2016,2050,0.7684900045580321,1.5375046866280693
steric,CMIP6_RB,CAMS-CSM1-0,r1i1p1f1_gn,ssp245,2016,2050,0.4474888660906231,1.3695126124790737
steric,CMIP6_RB,CanESM5,r10i1p1f1_gn,ssp245,2016,2050,1.1538112270457646,2.4321058000837055
steric,CMIP6_RB,CanESM5,r10i1p2f1_gn,ssp245,2016,2050,1.2328630381184666,2.451288059779576
steric,CMIP6_RB,CanESM5,r1i1p1f1_gn,ssp245,2016,2050,1.1354723411863006,2.3768833705357144
steric,CMIP6_RB,CanESM5,r1i1p2f1_gn,ssp245,2016,2050,1.2144255116821796,2.426873997279576
steric,CMIP6_RB,CanESM5,r2i1p1f1_gn,ssp245,2016,2050,1.3449971822630005,2.4977909633091517
steric,CMIP6_RB,CanESM5,r2i1p2f1_gn,ssp245,2016,2050,1.2985494083876574,2.4977909633091517
steric,CMIP6_RB,CanESM5,r3i1p1f1_gn,ssp245,2016,2050,1.2014837119751292,2.5047664097377234
steric,CMIP6_RB,CanESM5,r3i1p2f1_gn,ssp245,2016,2050,1.2276832841865257,2.4303619384765627
steric,CMIP6_RB,CanESM5,r4i1p1f1_gn,ssp245,2016,2050,1.0994296382425546,2.482096426827567
steric,CMIP6_RB,CanESM5,r4i1p2f1_gn,ssp245,2016,2050,1.19632867388691,2.4228051321847097
steric,CMIP6_RB,CanESM5,r5i1p1f1_gn,ssp245,2016,2050,1.2263026910502504,2.4419876098632813
steric,CMIP6_RB,CanESM5,r5i1p2f1_gn,ssp245,2016,2050,1.1824602349874453,2.5152295793805806
steric,CMIP6_RB,CanESM5,r6i1p1f1_gn,ssp245,2016,2050,1.200477351699874,2.5094168526785716
steric,CMIP6_RB,CanESM5,r6i1p2f1_gn,ssp245,2016,2050,1.1986815225948249,2.5303431919642856
steric,CMIP6_RB,CanESM5,r7i1p1f1_gn,ssp245,2016,2050,1.2498332058668211,2.4384996686662945
steric,CMIP6_RB,CanESM5,r7i1p2f1_gn,ssp245,2016,2050,1.2188430781218358,2.504185267857143
steric,CMIP6_RB,CanESM5,r8i1p1f1_gn,ssp245,2016,2050,1.0777686843575793,2.451869419642857
steric,CMIP6_RB,CanESM5,r8i1p2f1_gn,ssp245,2016,2050,1.3357956426238502,2.5565011160714284
steric,CMIP6_RB,CanESM5,r9i1p1f1_gn,ssp245,2016,2050,1.2601865645430053,2.4315242222377234
steric,CMIP6_RB,CanESM5,r9i1p2f1_gn,ssp245,2016,2050,1.1674005529159786,2.254231698172433
steric,CMIP6_RB,CIESM,r1i1p1f1_gn,ssp245,2016,2050,1.0076169371787387,1.9066218784877231
steric,CMIP6_RB,CMCC-CM2-SR5,r1i1p1f1_gn,ssp245,2016,2050,0.6999136383324753,2.008579799107143
steric,CMIP6_RB,CMCC-ESM2,r1i1p1f1_gn,ssp245,2016,2050,0.6246699132339018,2.0379928588867187
steric,CMIP6_RB,EC-Earth3-CC,r1i1p1f1_gn,ssp245,2016,2050,0.5685827877335328,2.0188103812081475
steric,CMIP6_RB,EC-Earth3-Veg,r1i1p1f1_gn,ssp245,2016,2050,0.7128552498840577,1.9641695295061383
steric,CMIP6_RB,FGOALS-g3,r1i1p1f1_gn,ssp245,2016,2050,0.593608083112656,2.235630580357143
steric,CMIP6_RB,FIO-ESM-2-0,r1i1p1f1_gn,ssp245,2016,2050,0.8358917844027474,2.2367930821010042
steric,CMIP6_RB,GFDL-CM4,r1i1p1f1_gn,ssp245,2016,2050,0.8249766143850366,1.6357421875
steric,CMIP6_RB,GFDL-ESM4,r1i1p1f1_gn,ssp245,2016,2050,0.6669517599335109,2.4867466517857144
steric,CMIP6_RB,HadGEM3-GC31-LL,r1i1p1f3_gn,ssp245,2016,2050,1.2451797015588113,
steric,CMIP6_RB,HadGEM3-GC31-LL,r2i1p1f3_gn,ssp245,2016,2050,0.561511787616439,
steric,CMIP6_RB,HadGEM3-GC31-LL,r3i1p1f3_gn,ssp245,2016,2050,0.6104939315949309,
steric,CMIP6_RB,HadGEM3-GC31-LL,r4i1p1f3_gn,ssp245,2016,2050,0.5246588644300232,0.39760044642857145
steric,CMIP6_RB,INM-CM4-8,r1i1p1f1_gr1,ssp245,2016,2050,0.5813349359816016,0.5359468187604631
steric,CMIP6_RB,INM-CM5-0,r1i1p1f1_gr1,ssp245,2016,2050,0.603752610397521,1.9641695295061383
steric,CMIP6_RB,IPSL-CM6A-LR,r1i1p1f1_gn,ssp245,2016,2050,0.90555454435804,1.904296875
steric,CMIP6_RB,IPSL-CM6A-LR,r2i1p1f1_gn,ssp245,2016,2050,0.8701447986421158,1.8484933035714286
steric,CMIP6_RB,IPSL-CM6A-LR,r3i1p1f1_gn,ssp245,2016,2050,0.8666278839111783,1.934376743861607
steric,CMIP6_RB,MIROC6,r1i1p1f1_gm,ssp245,2016,2050,0.6199807734344063,1.9130240304129464
steric,CMIP6_RB,MPI-ESM1-2-HR,r1i1p1f1_gn,ssp245,2016,2050,0.6077965014025608,1.8769762311662948
steric,CMIP6_RB,MPI-ESM1-2-LR,r1i1p1f1_gn,ssp245,2016,2050,0.5655403403914647,1.8804639543805803
steric,CMIP6_RB,MRI-ESM2-0,r1i1p1f1_gm,ssp245,2016,2050,0.8586529664375462,1.7744733537946429
steric,CMIP6_RB,NESM3,r1i1p1f1_gn,ssp245,2016,2050,0.9283936687366463,1.719630868094308
steric,CMIP6_RB,NorESM2-LM,r1i1p1f1_gm,ssp245,2016,2050,0.5177442887942902,1.7045283726283482
steric,CMIP6_RB,NorESM2-MM,r1i1p1f1_gm,ssp245,2016,2050,0.6712761306682182,2.4733771187918525
steric,CMIP6_RB,UKESM1-0-LL,r1i1p1f2_gn,ssp245,2016,2050,1.248826408991249,2.4204799107142856
steric,CMIP6_RB,UKESM1-0-LL,r2i1p1f2_gn,ssp245,2016,2050,1.533832995788714,2.449544416155134
steric,CMIP6_RB,UKESM1-0-LL,r3i1p1f2_gn,ssp245,2016,2050,1.2899872988705852,2.5099982125418525
steric,CMIP6_RB,UKESM1-0-LL,r4i1p1f2_gn,ssp245,2016,2050,1.2301516171089588,2.4321055821010042
steric,CMIP6_RB,UKESM1-0-LL,r8i1p1f2_gn,ssp245,2016,2050,1.3547700945268275,2.6622953142438615
steric,CMIP6_RB,ACCESS-CM2,r1i1p1f1_gn,ssp245,2051,2100,2.470266836065946,3.280029296875
steric,CMIP6_RB,ACCESS-ESM1-5,r1i1p1f1_gn,ssp245,2051,2100,1.877167379748812,2.7901205444335937
steric,CMIP6_RB,BCC-CSM2-MR,r1i1p1f1_gn,ssp245,2051,2100,1.616902903197797,2.5748696899414063
steric,CMIP6_RB,CAMS-CSM1-0,r1i1p1f1_gn,ssp245,2051,2100,1.2132203819433016,2.637939453125
steric,CMIP6_RB,CanESM5,r10i1p1f1_gn,ssp245,2051,2100,2.572425425151607,2.8023272705078126
steric,CMIP6_RB,CanESM5,r10i1p2f1_gn,ssp245,2051,2100,2.570033414919294,2.8597006225585937
steric,CMIP6_RB,CanESM5,r1i1p1f1_gn,ssp245,2051,2100,2.558964625190413,2.794189453125
steric,CMIP6_RB,CanESM5,r1i1p2f1_gn,ssp245,2051,2100,2.5563650883606215,2.8556317138671874
steric,CMIP6_RB,CanESM5,r2i1p1f1_gn,ssp245,2051,2100,2.696191485011184,2.7840167236328126
steric,CMIP6_RB,CanESM5,r2i1p2f1_gn,ssp245,2051,2100,2.6733887591899475,2.9044598388671874
steric,CMIP6_RB,CanESM5,r3i1p1f1_gn,ssp245,2051,2100,2.7305862724659846,2.8173828125
steric,CMIP6_RB,CanESM5,r3i1p2f1_gn,ssp245,2051,2100,2.6924886930062257,2.845458984375
steric,CMIP6_RB,CanESM5,r4i1p1f1_gn,ssp245,2051,2100,2.5273905389038305,2.857666015625
steric,CMIP6_RB,CanESM5,r4i1p2f1_gn,ssp245,2051,2100,2.591979236845816,2.9032391357421874
steric,CMIP6_RB,CanESM5,r5i1p1f1_gn,ssp245,2051,2100,2.6264434777478414,2.79052734375
steric,CMIP6_RB,CanESM5,r5i1p2f1_gn,ssp245,2051,2100,2.4686550605227353,2.8837078857421874
steric,CMIP6_RB,CanESM5,r6i1p1f1_gn,ssp245,2051,2100,2.5786455264155848,2.7998858642578126
steric,CMIP6_RB,CanESM5,r6i1p2f1_gn,ssp245,2051,2100,2.6454039649371452,2.8544110107421874
steric,CMIP6_RB,CanESM5,r7i1p1f1_gn,ssp245,2051,2100,2.5754039839572442,2.8190106201171874
steric,CMIP6_RB,CanESM5,r7i1p2f1_gn,ssp245,2051,2100,2.5931489702807085,2.9097491455078126
steric,CMIP6_RB,CanESM5,r8i1p1f1_gn,ssp245,2051,2100,2.4942798305545466,2.799072265625
steric,CMIP6_RB,CanESM5,r8i1p2f1_gn,ssp245,2051,2100,2.6897066731965538,2.8422036743164063
steric,CMIP6_RB,CanESM5,r9i1p1f1_gn,ssp245,2051,2100,2.654950033455748,2.8043618774414063
steric,CMIP6_RB,CanESM5,r9i1p2f1_gn,ssp245,2051,2100,2.5428017855322196,3.35205078125
steric,CMIP6_RB,CIESM,r1i1p1f1_gn,ssp245,2051,2100,2.130034080540838,2.549641876220703
steric,CMIP6_RB,CMCC-CM2-SR5,r1i1p1f1_gn,ssp245,2051,2100,2.125650126126402,2.551676483154297
steric,CMIP6_RB,CMCC-ESM2,r1i1p1f1_gn,ssp245,2051,2100,2.194433167284558,2.466227264404297
steric,CMIP6_RB,EC-Earth3-CC,r1i1p1f1_gn,ssp245,2051,2100,1.6428629007605196,2.527669219970703
steric,CMIP6_RB,EC-Earth3-Veg,r1i1p1f1_gn,ssp245,2051,2100,1.8902871908647967,2.4446615600585937
steric,CMIP6_RB,FGOALS-g3,r1i1p1f1_gn,ssp245,2051,2100,1.1870082738879546,2.3754884338378908
steric,CMIP6_RB,FIO-ESM-2-0,r1i1p1f1_gn,ssp245,2051,2100,1.8386586678250296,2.6664227294921874
steric,CMIP6_RB,GFDL-CM4,r1i1p1f1_gn,ssp245,2051,2100,1.8816062129430406,2.2111004638671874
steric,CMIP6_RB,GFDL-ESM4,r1i1p1f1_gn,ssp245,2051,2100,1.4098197525914884,3.1156414794921874
steric,CMIP6_RB,HadGEM3-GC31-LL,r1i1p1f3_gn,ssp245,2051,2100,2.6542920509074293,
steric,CMIP6_RB,HadGEM3-GC31-LL,r2i1p1f3_gn,ssp245,2051,2100,,
steric,CMIP6_RB,HadGEM3-GC31-LL,r3i1p1f3_gn,ssp245,2051,2100,,
steric,CMIP6_RB,HadGEM3-GC31-LL,r4i1p1f3_gn,ssp245,2051,2100,,0.28483072280883787
steric,CMIP6_RB,INM-CM4-8,r1i1p1f1_gr1,ssp245,2051,2100,1.2632771756070156,0.723876953125
steric,CMIP6_RB,INM-CM5-0,r1i1p1f1_gr1,ssp245,2051,2100,1.2496407245117211,2.3091632080078126
steric,CMIP6_RB,IPSL-CM6A-LR,r1i1p1f1_gn,ssp245,2051,2100,2.1842846425374205,2.2395831298828126
steric,CMIP6_RB,IPSL-CM6A-LR,r2i1p1f1_gn,ssp245,2051,2100,2.1447812398274664,2.2440591430664063
steric,CMIP6_RB,IPSL-CM6A-LR,r3i1p1f1_gn,ssp245,2051,2100,2.10248461405439,2.500976257324219
steric,CMIP6_RB,MIROC6,r1i1p1f1_gm,ssp245,2051,2100,1.39814276729345,2.449973297119141
steric,CMIP6_RB,MPI-ESM1-2-HR,r1i1p1f1_gn,ssp245,2051,2100,1.3770024027060117,2.1866860961914063
steric,CMIP6_RB,MPI-ESM1-2-LR,r1i1p1f1_gn,ssp245,2051,2100,1.3410537082979772,2.2257489013671874
steric,CMIP6_RB,MRI-ESM2-0,r1i1p1f1_gm,ssp245,2051,2100,1.7955010330638288,1.8668618774414063
steric,CMIP6_RB,NESM3,r1i1p1f1_gn,ssp245,2051,2100,1.9060298720482365,2.24969482421875
steric,CMIP6_RB,NorESM2-LM,r1i1p1f1_gm,ssp245,2051,2100,1.2644361539765328,2.233328552246094
steric,CMIP6_RB,NorESM2-MM,r1i1p1f1_gm,ssp245,2051,2100,1.4439797143311353,3.2743328857421874
steric,CMIP6_RB,UKESM1-0-LL,r1i1p1f2_gn,ssp245,2051,2100,2.846961980513356,3.0684405517578126
steric,CMIP6_RB,UKESM1-0-LL,r2i1p1f2_gn,ssp245,2051,2100,3.1209771715454053,2.9976397705078126
steric,CMIP6_RB,UKESM1-0-LL,r3i1p1f2_gn,ssp245,2051,2100,2.9480610524094573,3.00537109375
steric,CMIP6_RB,UKESM1-0-LL,r4i1p1f2_gn,ssp245,2051,2100,2.9441722464589475,3.0350750732421874
steric,CMIP6_RB,UKESM1-0-LL,r8i1p1f2_gn,ssp245,2051,2100,2.83951050748027,3.212890625
steric,CMIP6_RB,ACCESS-CM2,r1i1p1f1_gn,ssp585,2016,2050,1.2067324066427432,2.9814219883510042
steric,CMIP6_RB,ACCESS-ESM1-5,r1i1p1f1_gn,ssp585,2016,2050,0.9255195077744816,2.6622953142438615
steric,CMIP6_RB,BCC-CSM2-MR,r1i1p1f1_gn,ssp585,2016,2050,0.9584607284863864,1.558430916922433
steric,CMIP6_RB,CAMS-CSM1-0,r1i1p1f1_gn,ssp585,2016,2050,0.5958245281856307,1.695614733014788
steric,CMIP6_RB,CanESM5,r10i1p2f1_gn,ssp585,2016,2050,1.4510173007336107,2.9936290196010042
steric,CMIP6_RB,CanESM5,r1i1p1f1_gn,ssp585,2016,2050,1.3629831413135776,2.955845424107143
steric,CMIP6_RB,CanESM5,r1i1p2f1_gn,ssp585,2016,2050,1.44154415588946,2.9570079258510042
steric,CMIP6_RB,CanESM5,r2i1p1f1_gn,ssp585,2016,2050,1.5790752666902677,2.9465447562081475
steric,CMIP6_RB,CanESM5,r2i1p2f1_gn,ssp585,2016,2050,1.4330503801460281,3.0203683035714284
steric,CMIP6_RB,CanESM5,r3i1p1f1_gn,ssp585,2016,2050,1.4589139604250931,3.0035108293805806
steric,CMIP6_RB,CanESM5,r3i1p2f1_gn,ssp585,2016,2050,1.4704178352665167,3.0075801304408483
steric,CMIP6_RB,CanESM5,r4i1p1f1_gn,ssp585,2016,2050,1.3333258241080443,3.03955078125
steric,CMIP6_RB,CanESM5,r4i1p2f1_gn,ssp585,2016,2050,1.4437121665565087,2.974446759905134
steric,CMIP6_RB,CanESM5,r5i1p1f1_gn,ssp585,2016,2050,1.432530794309912,3.016880580357143
steric,CMIP6_RB,CanESM5,r5i1p2f1_gn,ssp585,2016,2050,1.3866777346764252,2.951776341029576
steric,CMIP6_RB,CanESM5,r6i1p2f1_gn,ssp585,2016,2050,1.5125005310008532,2.9697963169642856
steric,CMIP6_RB,CanESM5,r7i1p2f1_gn,ssp585,2016,2050,1.4446417056879,2.994791739327567
steric,CMIP6_RB,CanESM5,r8i1p1f1_gn,ssp585,2016,2050,1.2855602707691673,2.931431361607143
steric,CMIP6_RB,CanESM5,r8i1p2f1_gn,ssp585,2016,2050,1.510123963219712,2.8733025687081475
steric,CMIP6_RB,CanESM5,r9i1p2f1_gn,ssp585,2016,2050,1.422114088558942,2.7657645089285716
steric,CMIP6_RB,CESM2,r2i1p1f1_gr,ssp585,2016,2050,,2.7064732142857144
steric,CMIP6_RB,CIESM,r1i1p1f1_gn,ssp585,2016,2050,0.9812230355914835,2.264113507952009
steric,CMIP6_RB,CMCC-CM2-SR5,r1i1p1f1_gn,ssp585,2016,2050,0.9054922689683735,2.4722143990652903
steric,CMIP6_RB,CMCC-ESM2,r1i1p1f1_gn,ssp585,2016,2050,0.7015816060980455,0.1738048689705985
steric,CMIP6_RB,E3SM-1-1,r1i1p1f1_gr,ssp585,2016,2050,1.59698515446604,2.2885277884347097
steric,CMIP6_RB,EC-Earth3-CC,r1i1p1f1_gn,ssp585,2016,2050,0.5915107137863629,2.2676014491489958
steric,CMIP6_RB,EC-Earth3-Veg,r1i1p1f1_gn,ssp585,2016,2050,0.9213605385058941,2.224004908970424
steric,CMIP6_RB,FGOALS-f3-L,r1i1p1f1_gn,ssp585,2016,2050,0.8322146242073813,0.398551641191755
steric,CMIP6_RB,FGOALS-g3,r1i1p1f1_gn,ssp585,2016,2050,0.6484740066136965,2.4791898454938615
steric,CMIP6_RB,FIO-ESM-2-0,r1i1p1f1_gn,ssp585,2016,2050,0.9214371822984049,2.510579354422433
steric,CMIP6_RB,GFDL-CM4,r1i1p1f1_gn,ssp585,2016,2050,0.9464245234345299,1.8839516775948661
steric,CMIP6_RB,GFDL-ESM4,r1i1p1f1_gn,ssp585,2016,2050,0.7156126918209225,2.9105050223214284
steric,CMIP6_RB,HadGEM3-GC31-LL,r1i1p1f3_gn,ssp585,2016,2050,1.4424434337988146,2.8529575892857144
steric,CMIP6_RB,HadGEM3-GC31-LL,r2i1p1f3_gn,ssp585,2016,2050,1.2949716633132198,2.8384253365652903
steric,CMIP6_RB,HadGEM3-GC31-LL,r3i1p1f3_gn,ssp585,2016,2050,1.4237255018201154,3.0244373866489958
steric,CMIP6_RB,HadGEM3-GC31-LL,r4i1p1f3_gn,ssp585,2016,2050,1.4562769166540193,3.094191632952009
steric,CMIP6_RB,HadGEM3-GC31-MM,r1i1p1f3_gn,ssp585,2016,2050,1.3289609208983393,3.2156808035714284
steric,CMIP6_RB,HadGEM3-GC31-MM,r2i1p1f3_gn,ssp585,2016,2050,1.2605872805260674,3.0488514491489958
steric,CMIP6_RB,HadGEM3-GC31-MM,r3i1p1f3_gn,ssp585,2016,2050,1.2223540641804789,3.1302315848214284
steric,CMIP6_RB,HadGEM3-GC31-MM,r4i1p1f3_gn,ssp585,2016,2050,1.1667407873823095,0.7126581464494978
steric,CMIP6_RB,INM-CM4-8,r1i1p1f1_gr1,ssp585,2016,2050,0.7422410517559115,0.9492948259626116
steric,CMIP6_RB,INM-CM5-0,r1i1p1f1_gr1,ssp585,2016,2050,0.7800737695782232,2.1978469848632813
steric,CMIP6_RB,IPSL-CM6A-LR,r1i1p1f1_gn,ssp585,2016,2050,0.9706474485851686,2.182733372279576
steric,CMIP6_RB,IPSL-CM6A-LR,r2i1p1f1_gn,ssp585,2016,2050,0.9986494518461768,2.142624773297991
steric,CMIP6_RB,IPSL-CM6A-LR,r3i1p1f1_gn,ssp585,2016,2050,0.9388959067208589,2.3340565272739955
steric,CMIP6_RB,MIROC6,r1i1p1f1_gm,ssp585,2016,2050,0.7183282756046765,2.2439767020089287
steric,CMIP6_RB,MPI-ESM1-2-HR,r1i1p1f1_gn,ssp585,2016,2050,0.7005728964523428,2.0275296892438615
steric,CMIP6_RB,MPI-ESM1-2-LR,r1i1p1f1_gn,ssp585,2016,2050,0.6088684492143557,2.158900669642857
steric,CMIP6_RB,MRI-ESM2-0,r1i1p1f1_gm,ssp585,2016,2050,1.1065856576892088,2.2019160679408483
steric,CMIP6_RB,NESM3,r1i1p1f1_gn,ssp585,2016,2050,1.2097694071913452,1.9447786603655135
steric,CMIP6_RB,NorESM2-LM,r1i1p1f1_gm,ssp585,2016,2050,0.6638960521599415,1.8573457990373885
steric,CMIP6_RB,NorESM2-MM,r1i1p1f1_gm,ssp585,2016,2050,0.8045185568688566,2.9006229945591517
steric,CMIP6_RB,UKESM1-0-LL,r1i1p1f2_gn,ssp585,2016,2050,1.430913269394864,2.9773531232561385
steric,CMIP6_RB,UKESM1-0-LL,r2i1p1f2_gn,ssp585,2016,2050,1.560029793327601,2.9488699776785716
steric,CMIP6_RB,UKESM1-0-LL,r3i1p1f2_gn,ssp585,2016,2050,1.4685385443189602,2.8413316999162945
steric,CMIP6_RB,UKESM1-0-LL,r4i1p1f2_gn,ssp585,2016,2050,1.4129803017670497,2.818080357142857
steric,CMIP6_RB,UKESM1-0-LL,r8i1p1f2_gn,ssp585,2016,2050,1.4416014965428872,3.0750091552734373
steric,CMIP6_RB,ACCESS-CM2,r1i1p1f1_gn,ssp585,2051,2100,3.7687305434249083,5.430908203125
steric,CMIP6_RB,ACCESS-ESM1-5,r1i1p1f1_gn,ssp585,2051,2100,3.0255483199592277,4.570719604492187
steric,CMIP6_RB,BCC-CSM2-MR,r1i1p1f1_gn,ssp585,2051,2100,2.7309033465029415,4.366861877441406
steric,CMIP6_RB,CAMS-CSM1-0,r1i1p1f1_gn,ssp585,2051,2100,1.9067605496978217,4.346109924316406
steric,CMIP6_RB,CanESM5,r10i1p2f1_gn,ssp585,2051,2100,4.524607513782598,6.029052734375
steric,CMIP6_RB,CanESM5,r1i1p1f1_gn,ssp585,2051,2100,4.490722764608279,5.965982666015625
steric,CMIP6_RB,CanESM5,r1i1p2f1_gn,ssp585,2051,2100,4.537287847794573,5.97900390625
steric,CMIP6_RB,CanESM5,r2i1p1f1_gn,ssp585,2051,2100,4.610246449821716,5.916748046875
steric,CMIP6_RB,CanESM5,r2i1p2f1_gn,ssp585,2051,2100,4.556678075616105,6.076253662109375
steric,CMIP6_RB,CanESM5,r3i1p1f1_gn,ssp585,2051,2100,4.600486865591336,5.950927734375
steric,CMIP6_RB,CanESM5,r3i1p2f1_gn,ssp585,2051,2100,4.6014677672205835,5.98388671875
steric,CMIP6_RB,CanESM5,r4i1p1f1_gn,ssp585,2051,2100,4.412805333607196,5.895182495117187
steric,CMIP6_RB,CanESM5,r4i1p2f1_gn,ssp585,2051,2100,4.530561895666267,5.999349365234375
steric,CMIP6_RB,CanESM5,r5i1p1f1_gn,ssp585,2051,2100,4.539439264316911,5.907796630859375
steric,CMIP6_RB,CanESM5,r5i1p2f1_gn,ssp585,2051,2100,4.525813799370837,5.901692504882813
steric,CMIP6_RB,CanESM5,r6i1p2f1_gn,ssp585,2051,2100,4.592921567643884,5.962321166992187
steric,CMIP6_RB,CanESM5,r7i1p2f1_gn,ssp585,2051,2100,4.522803369482688,6.088460693359375
steric,CMIP6_RB,CanESM5,r8i1p1f1_gn,ssp585,2051,2100,4.403399761366586,5.928141479492187
steric,CMIP6_RB,CanESM5,r8i1p2f1_gn,ssp585,2051,2100,4.6464392848129705,5.948079223632813
steric,CMIP6_RB,CanESM5,r9i1p2f1_gn,ssp585,2051,2100,4.455186057184676,5.931802978515625
steric,CMIP6_RB,CESM2,r2i1p1f1_gr,ssp585,2051,2100,,5.829671020507813
steric,CMIP6_RB,CIESM,r1i1p1f1_gn,ssp585,2051,2100,3.8513925991128986,4.122720947265625
steric,CMIP6_RB,CMCC-CM2-SR5,r1i1p1f1_gn,ssp585,2051,2100,3.2846455086902324,4.221597900390625
steric,CMIP6_RB,CMCC-ESM2,r1i1p1f1_gn,ssp585,2051,2100,3.260285309457288,
steric,CMIP6_RB,E3SM-1-1,r1i1p1f1_gr,ssp585,2051,2100,5.158361247759899,4.390055541992187
steric,CMIP6_RB,EC-Earth3-CC,r1i1p1f1_gn,ssp585,2051,2100,2.957445566766694,4.500325317382813
steric,CMIP6_RB,EC-Earth3-Veg,r1i1p1f1_gn,ssp585,2051,2100,3.2849386547391077,4.491780395507813
steric,CMIP6_RB,FGOALS-f3-L,r1i1p1f1_gn,ssp585,2051,2100,2.7829819629452004,1.7818197631835937
steric,CMIP6_RB,FGOALS-g3,r1i1p1f1_gn,ssp585,2051,2100,2.1929424742643846,4.726156005859375
steric,CMIP6_RB,FIO-ESM-2-0,r1i1p1f1_gn,ssp585,2051,2100,3.26253929962661,4.501139526367187
steric,CMIP6_RB,GFDL-CM4,r1i1p1f1_gn,ssp585,2051,2100,3.1459173756302903,3.5648602294921874
steric,CMIP6_RB,GFDL-ESM4,r1i1p1f1_gn,ssp585,2051,2100,2.402924334714669,5.414632568359375
steric,CMIP6_RB,HadGEM3-GC31-LL,r1i1p1f3_gn,ssp585,2051,2100,4.251246051434748,5.4150390625
steric,CMIP6_RB,HadGEM3-GC31-LL,r2i1p1f3_gn,ssp585,2051,2100,4.160270046364303,5.558674926757813
steric,CMIP6_RB,HadGEM3-GC31-LL,r3i1p1f3_gn,ssp585,2051,2100,4.313456090632769,5.4638671875
steric,CMIP6_RB,HadGEM3-GC31-LL,r4i1p1f3_gn,ssp585,2051,2100,4.341288336655339,5.791015625
steric,CMIP6_RB,HadGEM3-GC31-MM,r1i1p1f3_gn,ssp585,2051,2100,4.238548525731346,5.797526245117187
steric,CMIP6_RB,HadGEM3-GC31-MM,r2i1p1f3_gn,ssp585,2051,2100,4.187668106345029,5.811360473632813
steric,CMIP6_RB,HadGEM3-GC31-MM,r3i1p1f3_gn,ssp585,2051,2100,4.181307299669697,5.787760009765625
steric,CMIP6_RB,HadGEM3-GC31-MM,r4i1p1f3_gn,ssp585,2051,2100,4.1212469816561565,1.55517578125
steric,CMIP6_RB,INM-CM4-8,r1i1p1f1_gr1,ssp585,2051,2100,2.3473149816757655,1.844482421875
steric,CMIP6_RB,INM-CM5-0,r1i1p1f1_gr1,ssp585,2051,2100,2.277866869382933,4.278564453125
steric,CMIP6_RB,IPSL-CM6A-LR,r1i1p1f1_gn,ssp585,2051,2100,3.7299047597249455,4.29443359375
steric,CMIP6_RB,IPSL-CM6A-LR,r2i1p1f1_gn,ssp585,2051,2100,3.60056498209633,4.20654296875
steric,CMIP6_RB,IPSL-CM6A-LR,r3i1p1f1_gn,ssp585,2051,2100,3.6835614267985193,4.274580078125
steric,CMIP6_RB,MIROC6,r1i1p1f1_gm,ssp585,2051,2100,2.4342661556332246,4.224015502929688
steric,CMIP6_RB,MPI-ESM1-2-HR,r1i1p1f1_gn,ssp585,2051,2100,2.3403294780634383,3.9131671142578126
steric,CMIP6_RB,MPI-ESM1-2-LR,r1i1p1f1_gn,ssp585,2051,2100,2.334088064414061,3.84033203125
steric,CMIP6_RB,MRI-ESM2-0,r1i1p1f1_gm,ssp585,2051,2100,2.9054030154319435,3.7556964111328126
steric,CMIP6_RB,NESM3,r1i1p1f1_gn,ssp585,2051,2100,3.3997499415028187,4.015705871582031
steric,CMIP6_RB,NorESM2-LM,r1i1p1f1_gm,ssp585,2051,2100,2.340274533511831,3.9611126708984377
steric,CMIP6_RB,NorESM2-MM,r1i1p1f1_gm,ssp585,2051,2100,2.5198748702920852,5.421142578125
steric,CMIP6_RB,UKESM1-0-LL,r1i1p1f2_gn,ssp585,2051,2100,4.596253494587188,5.491536865234375
steric,CMIP6_RB,UKESM1-0-LL,r2i1p1f2_gn,ssp585,2051,2100,4.742809059591991,5.452066650390625
steric,CMIP6_RB,UKESM1-0-LL,r3i1p1f2_gn,ssp585,2051,2100,4.575459771898238,5.573323364257813
steric,CMIP6_RB,UKESM1-0-LL,r4i1p1f2_gn,ssp585,2051,2100,4.606622584484228,5.504556884765625
steric,CMIP6_RB,UKESM1-0-LL,r8i1p1f2_gn,ssp585,2051,2100,4.455982221884767,5.5078125
