,ice_source,region,sample,scenario,riskaverse,startyr,endyr,Tavg,dSdt
0,AIS,,1,SSP119,,2016,2050,0.6315196679135713,0.00021358063725490198
1,AIS,,1,SSP119,,2051,2100,0.5676250964849998,0.0008849690476190466
2,AIS,,2,SSP119,,2016,2050,0.46779109648499995,-0.0002609688725490196
3,AIS,,2,SSP119,,2051,2100,0.40248909648500003,-0.000552776870748299
4,AIS,,3,SSP119,,2016,2050,0.437373953627857,0.0003902132352941176
5,AIS,,3,SSP119,,2051,2100,0.4020010964849999,0.0011268615646258494
6,AIS,,4,SSP119,,2016,2050,0.6212996679135715,0.0001731892156862745
7,AIS,,4,SSP119,,2051,2100,1.3330530964849998,0.0006375110544217685
8,AIS,,5,SSP119,,2016,2050,0.7717310964849999,0.00015487843137254907
9,AIS,,5,SSP119,,2051,2100,0.9288330964849998,0.0011328486394557823
10,AIS,,6,SSP119,,2016,2050,0.44069966791357135,0.000216002205882353
11,AIS,,6,SSP119,,2051,2100,0.4381810964849999,-0.0006322452380952383
12,AIS,,7,SSP119,,2016,2050,0.4692253821992856,0.00012871617647058824
13,AIS,,7,SSP119,,2051,2100,0.4320370964849999,0.0005685401360544216
14,AIS,,8,SSP119,,2016,2050,0.6048282393421427,-2.140196078431322e-06
15,AIS,,8,SSP119,,2051,2100,0.676109096485,0.00039856139455782296
16,AIS,,9,SSP119,,2016,2050,0.5996253821992856,2.207181372549022e-05
17,AIS,,9,SSP119,,2051,2100,0.5755230964849999,0.0010677071428571426
18,AIS,,10,SSP119,,2016,2050,0.5541996679135714,0.0005708475490196077
19,AIS,,10,SSP119,,2051,2100,0.627319096485,0.0020458
20,AIS,,11,SSP119,,2016,2050,0.44917681077071414,0.0003211387254901961
21,AIS,,11,SSP119,,2051,2100,0.43346909648499987,0.002829325680272108
22,AIS,,12,SSP119,,2016,2050,0.46603395362785704,0.0001523710784313726
23,AIS,,12,SSP119,,2051,2100,0.44320509648499984,-0.00030930561224489807
24,AIS,,13,SSP119,,2016,2050,0.5380196679135714,0.00018283700980392157
25,AIS,,13,SSP119,,2051,2100,0.4461010964849999,0.0016922901360544214
26,AIS,,14,SSP119,,2016,2050,0.7917539536278572,0.0002427539215686275
27,AIS,,14,SSP119,,2051,2100,1.183433096485,0.0021567110544217683
28,AIS,,15,SSP119,,2016,2050,0.524233953627857,0.0003891838235294119
29,AIS,,15,SSP119,,2051,2100,0.574829096485,0.0007051454081632648
30,AIS,,16,SSP119,,2016,2050,0.5150768107707143,0.00016391078431372553
31,AIS,,16,SSP119,,2051,2100,0.566365096485,0.0007419530612244893
32,AIS,,17,SSP119,,2016,2050,0.5196939536278571,0.0002809335784313726
33,AIS,,17,SSP119,,2051,2100,0.4878490964849999,0.001535787925170068
34,AIS,,18,SSP119,,2016,2050,0.5362082393421428,8.757794117647056e-05
35,AIS,,18,SSP119,,2051,2100,0.38637109648499995,0.0003959319727891157
36,AIS,,19,SSP119,,2016,2050,0.567853953627857,0.00029508480392156873
37,AIS,,19,SSP119,,2051,2100,0.615107096485,0.00018051683673469326
38,AIS,,20,SSP119,,2016,2050,0.42456538219928563,0.0003221666666666667
39,AIS,,20,SSP119,,2051,2100,0.387361096485,0.00031865391156462577
40,AIS,,21,SSP119,,2016,2050,0.40146823934214276,0.0002632421568627451
41,AIS,,21,SSP119,,2051,2100,0.2458730964849999,0.0025583731292516997
42,AIS,,22,SSP119,,2016,2050,0.8173510964849999,0.00022344240196078428
43,AIS,,22,SSP119,,2051,2100,1.100383096485,0.0005162253401360542
44,AIS,,23,SSP119,,2016,2050,0.5275025250564286,0.0001653188725490196
45,AIS,,23,SSP119,,2051,2100,0.44344909648499997,0.0005243671768707482
46,AIS,,24,SSP119,,2016,2050,0.6252225250564285,5.431102941176472e-05
47,AIS,,24,SSP119,,2051,2100,0.544951096485,0.0014775387755102034
48,AIS,,25,SSP119,,2016,2050,0.5773396679135713,0.0008233950980392158
49,AIS,,25,SSP119,,2051,2100,0.5923870964849999,0.003912670748299319
50,AIS,,26,SSP119,,2016,2050,0.6968053821992856,0.00011001740196078432
51,AIS,,26,SSP119,,2051,2100,0.8149210964849999,0.0006330241496598636
52,AIS,,27,SSP119,,2016,2050,0.6293196679135713,0.0002174713235294118
53,AIS,,27,SSP119,,2051,2100,0.6414050964849999,0.0013059756802721082
54,AIS,,28,SSP119,,2016,2050,0.3942225250564285,4.027279411764707e-05
55,AIS,,28,SSP119,,2051,2100,0.34788709648499994,0.0003933389455782312
56,AIS,,29,SSP119,,2016,2050,0.5198139536278571,0.00017392034313725487
57,AIS,,29,SSP119,,2051,2100,0.502073096485,6.6578231292516e-06
58,AIS,,30,SSP119,,2016,2050,0.47981109648499987,0.0003735732843137256
59,AIS,,30,SSP119,,2051,2100,0.4351610964849999,0.0028237095238095224
60,AIS,,31,SSP119,,2016,2050,0.391453953627857,0.00015965441176470595
61,AIS,,31,SSP119,,2051,2100,0.3042930964849999,0.0011900875850340137
62,AIS,,32,SSP119,,2016,2050,0.6412796679135714,-1.5416176470588247e-05
63,AIS,,32,SSP119,,2051,2100,0.800635096485,0.0006731721088435369
64,AIS,,33,SSP119,,2016,2050,0.531771096485,5.5794607843137296e-05
65,AIS,,33,SSP119,,2051,2100,0.5308470964849998,0.000904393027210884
66,AIS,,34,SSP119,,2016,2050,0.6447968107707142,0.00024815367647058824
67,AIS,,34,SSP119,,2051,2100,0.7906810964849998,0.0010444642857142855
68,AIS,,35,SSP119,,2016,2050,0.4823168107707143,0.0005038808823529413
69,AIS,,35,SSP119,,2051,2100,0.42813909648499987,0.0021403154761904753
70,AIS,,36,SSP119,,2016,2050,0.4738768107707143,-0.00019655245098039217
71,AIS,,36,SSP119,,2051,2100,0.44354109648499984,-0.0001279838435374146
72,AIS,,37,SSP119,,2016,2050,0.4181768107707142,0.00020963700980392163
73,AIS,,37,SSP119,,2051,2100,0.29532309648499994,0.0004816591836734691
74,AIS,,38,SSP119,,2016,2050,0.4763596679135712,7.3198529411765076e-06
75,AIS,,38,SSP119,,2051,2100,0.4119090964849999,0.001141084863945578
76,AIS,,39,SSP119,,2016,2050,0.5340996679135713,9.12889705882353e-05
77,AIS,,39,SSP119,,2051,2100,0.617879096485,0.0012405409863945577
78,AIS,,40,SSP119,,2016,2050,0.5615339536278571,4.26196078431373e-05
79,AIS,,40,SSP119,,2051,2100,0.4992390964849999,0.0010470857142857138
80,AIS,,41,SSP119,,2016,2050,0.45065681077071423,0.0002711769607843138
81,AIS,,41,SSP119,,2051,2100,0.380295096485,0.0004505153061224489
82,AIS,,42,SSP119,,2016,2050,0.4276653821992857,0.00010964583333333334
83,AIS,,42,SSP119,,2051,2100,0.4280250964849999,-2.1462585034010053e-07
84,AIS,,43,SSP119,,2016,2050,0.4885025250564284,0.00010182671568627448
85,AIS,,43,SSP119,,2051,2100,0.4182190964849999,0.0007282896258503398
86,AIS,,44,SSP119,,2016,2050,0.656571096485,0.0004798365196078432
87,AIS,,44,SSP119,,2051,2100,0.708029096485,0.0011297841836734681
88,AIS,,45,SSP119,,2016,2050,0.5292939536278571,1.224019607843138e-05
89,AIS,,45,SSP119,,2051,2100,0.436357096485,0.0002564816326530611
90,AIS,,46,SSP119,,2016,2050,0.3029082393421427,0.00021582279411764716
91,AIS,,46,SSP119,,2051,2100,0.2359150964849999,0.0016710130952380948
92,AIS,,47,SSP119,,2016,2050,0.681893953627857,0.0001342264705882353
93,AIS,,47,SSP119,,2051,2100,0.7987950964849999,0.0002701044217687073
94,AIS,,48,SSP119,,2016,2050,0.7089996679135713,-3.149705882352937e-05
95,AIS,,48,SSP119,,2051,2100,0.8000970964849998,-2.7596938775510394e-05
96,AIS,,49,SSP119,,2016,2050,0.4904396679135713,0.00015454607843137257
97,AIS,,49,SSP119,,2051,2100,0.5623270964849999,0.0010308654761904759
98,AIS,,50,SSP119,,2016,2050,0.406753953627857,0.00016028921568627454
99,AIS,,50,SSP119,,2051,2100,0.40010909648499987,0.001103678231292517
100,AIS,,51,SSP119,,2016,2050,0.6270882393421428,0.000185871568627451
101,AIS,,51,SSP119,,2051,2100,0.6039050964849999,0.0001225471088435371
102,AIS,,52,SSP119,,2016,2050,0.7191110964849999,0.0003260232843137255
103,AIS,,52,SSP119,,2051,2100,0.795415096485,0.0009538068027210882
104,AIS,,53,SSP119,,2016,2050,0.6688225250564285,-8.754558823529411e-05
105,AIS,,53,SSP119,,2051,2100,0.6492850964849999,0.0009347724489795917
106,AIS,,54,SSP119,,2016,2050,0.5491853821992857,0.00019130588235294124
107,AIS,,54,SSP119,,2051,2100,0.4715650964849999,-0.00021757772108843546
108,AIS,,55,SSP119,,2016,2050,0.4781768107707142,0.00033510710784313727
109,AIS,,55,SSP119,,2051,2100,0.48098509648499993,0.001461642346938775
110,AIS,,56,SSP119,,2016,2050,0.5874310964849998,-5.691838235294117e-05
111,AIS,,56,SSP119,,2051,2100,0.5829530964849999,0.0008725840136054418
112,AIS,,57,SSP119,,2016,2050,0.7368682393421429,5.051862745098038e-05
113,AIS,,57,SSP119,,2051,2100,0.8036670964849999,0.0010069352040816323
114,AIS,,58,SSP119,,2016,2050,0.4849996679135714,0.0003421291666666668
115,AIS,,58,SSP119,,2051,2100,0.48080509648499986,0.0014389636054421763
116,AIS,,59,SSP119,,2016,2050,0.570053953627857,0.0008169607843137255
117,AIS,,59,SSP119,,2051,2100,0.6084710964849998,0.003915318537414965
118,AIS,,60,SSP119,,2016,2050,0.4488082393421428,0.0003821546568627452
119,AIS,,60,SSP119,,2051,2100,0.3603110964849999,0.0014525891156462584
120,AIS,,61,SSP119,,2016,2050,0.5045796679135713,0.00014509142156862747
121,AIS,,61,SSP119,,2051,2100,0.5904510964849998,0.0002776256802721082
122,AIS,,62,SSP119,,2016,2050,0.4523253821992856,4.364975490196083e-05
123,AIS,,62,SSP119,,2051,2100,0.2861350964849999,0.0012486705782312917
124,AIS,,63,SSP119,,2016,2050,0.5394282393421428,0.0002852024509803921
125,AIS,,63,SSP119,,2051,2100,0.5595170964849998,0.0019048350340136048
126,AIS,,64,SSP119,,2016,2050,0.5592739536278569,0.00013867426470588238
127,AIS,,64,SSP119,,2051,2100,0.5441550964849998,-0.0004831442176870748
128,AIS,,65,SSP119,,2016,2050,0.5670253821992856,0.00013979901960784312
129,AIS,,65,SSP119,,2051,2100,0.4218970964849999,0.0010402428571428565
130,AIS,,66,SSP119,,2016,2050,0.5086053821992855,0.0002940323529411765
131,AIS,,66,SSP119,,2051,2100,0.5341710964849998,0.0004810683673469383
132,AIS,,67,SSP119,,2016,2050,0.4551568107707142,2.0698284313725514e-05
133,AIS,,67,SSP119,,2051,2100,0.4020010964849999,0.002116254761904761
134,AIS,,68,SSP119,,2016,2050,0.4717368107707142,0.00039187107843137263
135,AIS,,68,SSP119,,2051,2100,0.3165470964849999,0.0007352613945578225
136,AIS,,69,SSP119,,2016,2050,0.47673109648499984,0.00010707230392156866
137,AIS,,69,SSP119,,2051,2100,0.46380109648499995,0.00025104285714285706
138,AIS,,70,SSP119,,2016,2050,0.5676996679135713,0.00019866127450980395
139,AIS,,70,SSP119,,2051,2100,0.608289096485,-1.015714285714288e-05
140,AIS,,71,SSP119,,2016,2050,0.5042025250564284,2.2912499999999988e-05
141,AIS,,71,SSP119,,2051,2100,0.43535509648499987,0.0003562421768707482
142,AIS,,72,SSP119,,2016,2050,0.6633053821992856,0.0007127950980392159
143,AIS,,72,SSP119,,2051,2100,0.707929096485,0.0027515659863945573
144,AIS,,73,SSP119,,2016,2050,0.551353953627857,0.00018539436274509803
145,AIS,,73,SSP119,,2051,2100,0.43993509648499995,0.0015025450680272105
146,AIS,,74,SSP119,,2016,2050,0.5837968107707142,5.9830882352941154e-05
147,AIS,,74,SSP119,,2051,2100,0.530311096485,0.0007933804421768701
148,AIS,,75,SSP119,,2016,2050,0.5683453821992857,0.00013013529411764704
149,AIS,,75,SSP119,,2051,2100,0.5062630964849999,0.00025316496598639434
150,AIS,,76,SSP119,,2016,2050,0.6986368107707143,0.00013071127450980393
151,AIS,,76,SSP119,,2051,2100,0.7468690964849999,0.0001675130952380952
152,AIS,,77,SSP119,,2016,2050,0.5131253821992857,0.0002873622549019608
153,AIS,,77,SSP119,,2051,2100,0.39790509648499994,0.0013494052721088425
154,AIS,,78,SSP119,,2016,2050,0.5015196679135713,5.99610294117647e-05
155,AIS,,78,SSP119,,2051,2100,0.488149096485,1.1386224489795836e-05
156,AIS,,79,SSP119,,2016,2050,0.5909282393421427,-4.6262254901960794e-06
157,AIS,,79,SSP119,,2051,2100,0.7025630964849998,0.000792556462585034
158,AIS,,80,SSP119,,2016,2050,0.5304253821992857,1.1593137254903266e-07
159,AIS,,80,SSP119,,2051,2100,0.6220730964849999,4.8443877551020176e-05
160,AIS,,81,SSP119,,2016,2050,0.6398825250564285,7.544607843137254e-05
161,AIS,,81,SSP119,,2051,2100,0.606687096485,-0.00020787244897959185
162,AIS,,82,SSP119,,2016,2050,0.5672425250564284,8.574779411764705e-05
163,AIS,,82,SSP119,,2051,2100,0.847123096485,0.0003363974489795916
164,AIS,,83,SSP119,,2016,2050,0.3976225250564285,0.0004565240196078432
165,AIS,,83,SSP119,,2051,2100,0.2960170964849999,0.00200166275510204
166,AIS,,84,SSP119,,2016,2050,0.7966996679135713,4.560294117647084e-06
167,AIS,,84,SSP119,,2051,2100,0.858965096485,0.0020323887755102042
168,AIS,,85,SSP119,,2016,2050,0.3852996679135714,0.00021200955882352945
169,AIS,,85,SSP119,,2051,2100,0.2992150964849999,0.001556992176870748
170,AIS,,86,SSP119,,2016,2050,0.6655539536278572,0.0004267490196078432
171,AIS,,86,SSP119,,2051,2100,0.8275730964849999,0.001702779591836734
172,AIS,,87,SSP119,,2016,2050,0.6030025250564284,2.2285049019607832e-05
173,AIS,,87,SSP119,,2051,2100,0.711777096485,0.00038739081632653056
174,AIS,,88,SSP119,,2016,2050,0.6136310964849998,0.0002444024509803921
175,AIS,,88,SSP119,,2051,2100,0.6064810964849999,0.0010815117346938772
176,AIS,,89,SSP119,,2016,2050,0.3979425250564284,0.00013316495098039216
177,AIS,,89,SSP119,,2051,2100,0.31864109648499994,0.001772849489795918
178,AIS,,90,SSP119,,2016,2050,0.5991682393421428,6.987573529411768e-05
179,AIS,,90,SSP119,,2051,2100,0.6416830964849999,0.0013096170068027204
180,AIS,,91,SSP119,,2016,2050,0.43299395362785703,-7.197965686274513e-05
181,AIS,,91,SSP119,,2051,2100,0.3946750964849998,9.210340136054436e-05
182,AIS,,92,SSP119,,2016,2050,0.48708252505642846,0.0002472284313725491
183,AIS,,92,SSP119,,2051,2100,0.507929096485,0.0009000127551020403
184,AIS,,93,SSP119,,2016,2050,0.4926682393421428,0.0008345593137254904
185,AIS,,93,SSP119,,2051,2100,0.31996509648499993,0.0037821579931972783
186,AIS,,94,SSP119,,2016,2050,0.49491395362785706,-6.337524509803922e-05
187,AIS,,94,SSP119,,2051,2100,0.5258790964849999,9.90476190476174e-07
188,AIS,,95,SSP119,,2016,2050,0.491473953627857,-1.90294117647055e-06
189,AIS,,95,SSP119,,2051,2100,0.42060509648499994,0.00030254642857142845
190,AIS,,96,SSP119,,2016,2050,0.4189910964849999,0.00014008137254901964
191,AIS,,96,SSP119,,2051,2100,0.2861050964849999,2.282568027210886e-05
192,AIS,,97,SSP119,,2016,2050,0.4513025250564284,0.00019709730392156866
193,AIS,,97,SSP119,,2051,2100,0.30602509648499987,0.0010039202380952375
194,AIS,,98,SSP119,,2016,2050,0.537373953627857,-8.640343137254903e-05
195,AIS,,98,SSP119,,2051,2100,0.6458710964849999,-0.0002651896258503402
196,AIS,,99,SSP119,,2016,2050,0.5155710964849998,0.00035899975490196086
197,AIS,,99,SSP119,,2051,2100,0.3991590964849998,0.0023162848639455766
198,AIS,,100,SSP119,,2016,2050,0.39963109648499995,2.1783823529411756e-05
199,AIS,,100,SSP119,,2051,2100,0.27488709648499987,-3.2715986394557615e-05
200,AIS,,101,SSP119,,2016,2050,0.7540025250564285,7.719117647058799e-06
201,AIS,,101,SSP119,,2051,2100,0.810275096485,-0.000220952210884354
202,AIS,,102,SSP119,,2016,2050,0.43012252505642845,0.00010947156862745106
203,AIS,,102,SSP119,,2051,2100,0.3122990964849999,0.0007278090136054419
204,AIS,,103,SSP119,,2016,2050,0.5416710964849999,8.658137254901962e-05
205,AIS,,103,SSP119,,2051,2100,0.7026390964849999,0.0007311523809523805
206,AIS,,104,SSP119,,2016,2050,0.48249966791357135,6.69107843137255e-05
207,AIS,,104,SSP119,,2051,2100,0.4653030964849998,0.0006313886054421764
208,AIS,,105,SSP119,,2016,2050,0.6448510964849999,2.1752941176470595e-05
209,AIS,,105,SSP119,,2051,2100,0.6971270964849999,0.0007707867346938775
210,AIS,,106,SSP119,,2016,2050,0.6297625250564286,0.00020683259803921567
211,AIS,,106,SSP119,,2051,2100,0.7099170964849999,0.0005509617346938771
212,AIS,,107,SSP119,,2016,2050,0.5827510964849999,0.00011758995098039219
213,AIS,,107,SSP119,,2051,2100,0.635817096485,0.0015349574829931969
214,AIS,,108,SSP119,,2016,2050,0.4981453821992856,0.0001248904411764706
215,AIS,,108,SSP119,,2051,2100,0.33217309648499993,0.00034825408163265294
216,AIS,,109,SSP119,,2016,2050,0.7781625250564285,0.00024624019607843143
217,AIS,,109,SSP119,,2051,2100,0.858245096485,0.0013060403061224486
218,AIS,,110,SSP119,,2016,2050,0.4635968107707142,8.23323529411765e-05
219,AIS,,110,SSP119,,2051,2100,0.396351096485,0.0004093916666666665
220,AIS,,111,SSP119,,2016,2050,0.5923510964849998,0.00012392843137254902
221,AIS,,111,SSP119,,2051,2100,0.5191630964849999,0.0006712940476190472
222,AIS,,112,SSP119,,2016,2050,0.3723482393421428,0.00041651789215686275
223,AIS,,112,SSP119,,2051,2100,0.36034709648499985,0.0017869256802721075
224,AIS,,113,SSP119,,2016,2050,0.5189225250564284,0.00020931102941176472
225,AIS,,113,SSP119,,2051,2100,0.6392130964849998,-0.0003822914965986392
226,AIS,,114,SSP119,,2016,2050,0.678413953627857,0.0003939348039215686
227,AIS,,114,SSP119,,2051,2100,0.7275130964849998,0.0017642741496598634
228,AIS,,115,SSP119,,2016,2050,0.4883310964849999,0.00012799191176470596
229,AIS,,115,SSP119,,2051,2100,0.47475909648499987,-5.93928571428574e-05
230,AIS,,116,SSP119,,2016,2050,0.43725681077071415,0.00024391789215686273
231,AIS,,116,SSP119,,2051,2100,0.2739170964849999,0.00011312074829931966
232,AIS,,117,SSP119,,2016,2050,0.5948453821992856,-1.8487499999999992e-05
233,AIS,,117,SSP119,,2051,2100,0.5759010964849999,9.799659863945534e-06
234,AIS,,118,SSP119,,2016,2050,0.4236339536278571,1.506740196078434e-05
235,AIS,,118,SSP119,,2051,2100,0.3071090964849999,0.00115874387755102
236,AIS,,119,SSP119,,2016,2050,0.40195966791357135,1.5544117647058986e-06
237,AIS,,119,SSP119,,2051,2100,0.2628730964849999,-0.0007651443877551016
238,AIS,,120,SSP119,,2016,2050,0.470791096485,-2.472622549019604e-05
239,AIS,,120,SSP119,,2051,2100,0.3997130964849999,0.0002184290816326529
240,AIS,,121,SSP119,,2016,2050,0.5188768107707142,0.0001832198529411765
241,AIS,,121,SSP119,,2051,2100,0.6595910964849999,0.0012249715986394547
242,AIS,,122,SSP119,,2016,2050,0.4253396679135713,9.938823529411768e-05
243,AIS,,122,SSP119,,2051,2100,0.30563309648499987,0.0007569794217687072
244,AIS,,123,SSP119,,2016,2050,0.538631096485,-9.883823529411728e-06
245,AIS,,123,SSP119,,2051,2100,0.5584990964849998,0.000211593537414966
246,AIS,,124,SSP119,,2016,2050,0.605731096485,0.00038852622549019616
247,AIS,,124,SSP119,,2051,2100,0.48655909648499995,0.002035550170068027
248,AIS,,125,SSP119,,2016,2050,0.5280682393421429,0.0001910571078431373
249,AIS,,125,SSP119,,2051,2100,0.6079050964849999,0.0016567171768707477
250,AIS,,126,SSP119,,2016,2050,0.5446196679135714,4.01789215686275e-05
251,AIS,,126,SSP119,,2051,2100,0.4995530964849999,0.0010115865646258496
252,AIS,,127,SSP119,,2016,2050,0.46167395362785707,5.917156862745105e-06
253,AIS,,127,SSP119,,2051,2100,0.38785709648499994,6.854608843537413e-05
254,AIS,,128,SSP119,,2016,2050,0.474931096485,0.0001487019607843138
255,AIS,,128,SSP119,,2051,2100,0.42988309648499995,0.0011320911564625846
256,AIS,,129,SSP119,,2016,2050,0.6961482393421428,1.7877450980392102e-06
257,AIS,,129,SSP119,,2051,2100,0.612121096485,0.00013996632653061211
258,AIS,,130,SSP119,,2016,2050,0.4718710964849999,4.713750000000002e-05
259,AIS,,130,SSP119,,2051,2100,0.40149109648499987,0.0008905142857142856
260,AIS,,131,SSP119,,2016,2050,0.5020510964849999,0.00027515490196078433
261,AIS,,131,SSP119,,2051,2100,0.46887909648499987,-0.0001392705782312927
262,AIS,,132,SSP119,,2016,2050,0.5892482393421428,4.87200980392157e-05
263,AIS,,132,SSP119,,2051,2100,0.6008750964849999,0.0003734835034013601
264,AIS,,133,SSP119,,2016,2050,0.5579682393421428,0.00017915465686274516
265,AIS,,133,SSP119,,2051,2100,0.44112309648499987,0.0008955821428571423
266,AIS,,134,SSP119,,2016,2050,0.4894539536278571,0.0004078328431372549
267,AIS,,134,SSP119,,2051,2100,0.47958509648499986,0.0016715882653061214
268,AIS,,135,SSP119,,2016,2050,0.3935396679135713,0.00015661127450980393
269,AIS,,135,SSP119,,2051,2100,0.29393109648499993,-0.00018761615646258517
270,AIS,,136,SSP119,,2016,2050,0.4661939536278571,0.0003940799019607844
271,AIS,,136,SSP119,,2051,2100,0.2957410964849999,0.001390945238095237
272,AIS,,137,SSP119,,2016,2050,0.44298823934214276,-8.952205882352953e-06
273,AIS,,137,SSP119,,2051,2100,0.22847909648499987,-0.00047410425170068047
274,AIS,,138,SSP119,,2016,2050,0.633353953627857,0.00033355588235294123
275,AIS,,138,SSP119,,2051,2100,0.6985830964849999,0.0016975535714285712
276,AIS,,139,SSP119,,2016,2050,0.6042910964849999,2.141078431372551e-05
277,AIS,,139,SSP119,,2051,2100,0.690329096485,-5.68040816326533e-05
278,AIS,,140,SSP119,,2016,2050,0.457333953627857,5.711764705882387e-06
279,AIS,,140,SSP119,,2051,2100,0.40582309648499987,0.0015809183673469384
280,AIS,,141,SSP119,,2016,2050,0.5018310964849998,0.00012043823529411766
281,AIS,,141,SSP119,,2051,2100,0.5751810964849998,0.0008121159863945575
282,AIS,,142,SSP119,,2016,2050,0.461873953627857,9.681789215686278e-05
283,AIS,,142,SSP119,,2051,2100,0.3838190964849999,8.136887755102018e-05
284,AIS,,143,SSP119,,2016,2050,0.5663396679135714,0.0001411830882352942
285,AIS,,143,SSP119,,2051,2100,0.5511610964849999,0.001774954591836734
286,AIS,,144,SSP119,,2016,2050,0.4750196679135713,2.8953431372549045e-05
287,AIS,,144,SSP119,,2051,2100,0.4107510964849999,-3.579166666666659e-05
288,AIS,,145,SSP119,,2016,2050,0.48529395362785704,3.465073529411766e-05
289,AIS,,145,SSP119,,2051,2100,0.5297190964849999,0.0007229789115646257
290,AIS,,146,SSP119,,2016,2050,0.6497710964849999,0.00043868750000000006
291,AIS,,146,SSP119,,2051,2100,0.761049096485,0.0024676125850340127
292,AIS,,147,SSP119,,2016,2050,0.5423110964850001,0.00020869093137254905
293,AIS,,147,SSP119,,2051,2100,0.5219430964849999,0.0012773562925170066
294,AIS,,148,SSP119,,2016,2050,0.6080996679135713,-0.00014629632352941173
295,AIS,,148,SSP119,,2051,2100,0.618667096485,0.00036606598639455767
296,AIS,,149,SSP119,,2016,2050,0.5357996679135714,0.00033634607843137257
297,AIS,,149,SSP119,,2051,2100,0.5667510964849999,0.002324796428571428
298,AIS,,150,SSP119,,2016,2050,0.4995825250564285,-0.00018657181372549024
299,AIS,,150,SSP119,,2051,2100,0.42478509648499985,0.0002546450680272109
300,AIS,,151,SSP119,,2016,2050,0.46770823934214284,0.00022459877450980393
301,AIS,,151,SSP119,,2051,2100,0.358029096485,0.0007862192176870745
302,AIS,,152,SSP119,,2016,2050,0.43918538219928566,0.0003206269607843137
303,AIS,,152,SSP119,,2051,2100,0.41082909648499993,0.0004304416666666665
304,AIS,,153,SSP119,,2016,2050,0.5265825250564284,3.0823774509803954e-05
305,AIS,,153,SSP119,,2051,2100,0.5156830964849999,0.0010177073129251698
306,AIS,,154,SSP119,,2016,2050,0.5038625250564285,0.00044209019607843145
307,AIS,,154,SSP119,,2051,2100,0.5118750964849998,0.0020316209183673453
308,AIS,,155,SSP119,,2016,2050,0.4394339536278571,0.00017322745098039214
309,AIS,,155,SSP119,,2051,2100,0.44479709648499993,0.0010743369047619049
310,AIS,,156,SSP119,,2016,2050,0.507693953627857,-9.549117647058823e-05
311,AIS,,156,SSP119,,2051,2100,0.3800870964849999,-8.522534013605445e-05
312,AIS,,157,SSP119,,2016,2050,0.283253953627857,2.617965686274509e-05
313,AIS,,157,SSP119,,2051,2100,0.09191309648499991,0.0005168044217687072
314,AIS,,158,SSP119,,2016,2050,0.4292653821992856,0.00011783357843137259
315,AIS,,158,SSP119,,2051,2100,0.3549570964849999,0.0003646848639455779
316,AIS,,159,SSP119,,2016,2050,0.5303910964849998,1.2863480392156847e-05
317,AIS,,159,SSP119,,2051,2100,0.5722250964849999,0.00023354778911564625
318,AIS,,160,SSP119,,2016,2050,0.5005110964849998,0.0003299490196078432
319,AIS,,160,SSP119,,2051,2100,0.4866810964849999,0.0008538178571428564
320,AIS,,161,SSP119,,2016,2050,0.4951225250564285,0.000222659068627451
321,AIS,,161,SSP119,,2051,2100,0.49458509648499993,0.001131870408163265
322,AIS,,162,SSP119,,2016,2050,0.35910538219928567,0.00014664828431372549
323,AIS,,162,SSP119,,2051,2100,0.2814150964849999,0.0007158256802721085
324,AIS,,163,SSP119,,2016,2050,0.6008253821992855,-4.304117647058823e-05
325,AIS,,163,SSP119,,2051,2100,0.6626350964849999,0.00022062159863945582
326,AIS,,164,SSP119,,2016,2050,0.4864510964849999,0.00017476789215686278
327,AIS,,164,SSP119,,2051,2100,0.47735909648499986,0.0006519923469387753
328,AIS,,165,SSP119,,2016,2050,0.5213996679135713,0.00023105955882352937
329,AIS,,165,SSP119,,2051,2100,0.4368990964849999,0.0009501809523809518
330,AIS,,166,SSP119,,2016,2050,0.7373139536278572,0.0006224455882352941
331,AIS,,166,SSP119,,2051,2100,0.7336030964849999,0.002966205442176869
332,AIS,,167,SSP119,,2016,2050,0.48807395362785716,-6.415735294117648e-05
333,AIS,,167,SSP119,,2051,2100,0.3517090964849999,-0.00036116904761904765
334,AIS,,168,SSP119,,2016,2050,0.8076939536278571,0.000281764705882353
335,AIS,,168,SSP119,,2051,2100,0.9078790964849999,0.00230668775510204
336,AIS,,169,SSP119,,2016,2050,0.5327453821992857,-1.611985294117648e-05
337,AIS,,169,SSP119,,2051,2100,0.570425096485,0.0015986445578231284
338,AIS,,170,SSP119,,2016,2050,0.4960453821992856,0.00015440563725490204
339,AIS,,170,SSP119,,2051,2100,0.29909309648499993,0.0016552292517006796
340,AIS,,171,SSP119,,2016,2050,0.563973953627857,0.00041136838235294126
341,AIS,,171,SSP119,,2051,2100,0.6141630964849999,0.0008112267006802716
342,AIS,,172,SSP119,,2016,2050,0.47200823934214275,6.211029411764747e-06
343,AIS,,172,SSP119,,2051,2100,0.414649096485,0.00027120986394557807
344,AIS,,173,SSP119,,2016,2050,0.5048025250564283,5.4775980392156885e-05
345,AIS,,173,SSP119,,2051,2100,0.501371096485,0.0013489962585034013
346,AIS,,174,SSP119,,2016,2050,0.4582510964849999,0.0001359075980392157
347,AIS,,174,SSP119,,2051,2100,0.40566709648499993,0.0006375287414965987
348,AIS,,175,SSP119,,2016,2050,0.363273953627857,0.00011271617647058822
349,AIS,,175,SSP119,,2051,2100,0.23730909648499987,0.0005705013605442172
350,AIS,,176,SSP119,,2016,2050,0.5103910964849998,0.00041714093137254905
351,AIS,,176,SSP119,,2051,2100,0.4437930964849999,0.0021534931972789113
352,AIS,,177,SSP119,,2016,2050,0.5557082393421426,2.6446078431373657e-07
353,AIS,,177,SSP119,,2051,2100,0.532265096485,0.0001530197278911566
354,AIS,,178,SSP119,,2016,2050,0.5049482393421427,5.071078431372552e-05
355,AIS,,178,SSP119,,2051,2100,0.41817109648499995,0.0014736794217687066
356,AIS,,179,SSP119,,2016,2050,0.47477966791357123,-2.067303921568629e-05
357,AIS,,179,SSP119,,2051,2100,0.46031109648499985,0.0001935926870748297
358,AIS,,180,SSP119,,2016,2050,0.534531096485,0.0008710605392156865
359,AIS,,180,SSP119,,2051,2100,0.496813096485,0.0036258585034013593
360,AIS,,181,SSP119,,2016,2050,0.5750110964849998,0.00019645759803921573
361,AIS,,181,SSP119,,2051,2100,0.6949350964849998,0.0003555551020408161
362,AIS,,182,SSP119,,2016,2050,0.624693953627857,0.00029376715686274513
363,AIS,,182,SSP119,,2051,2100,0.5580150964849999,0.0005902654761904757
364,AIS,,183,SSP119,,2016,2050,0.43951966791357133,0.00034892328431372556
365,AIS,,183,SSP119,,2051,2100,0.3580370964849999,0.0010753297619047612
366,AIS,,184,SSP119,,2016,2050,0.423431096485,0.00016219754901960787
367,AIS,,184,SSP119,,2051,2100,0.2994690964849999,0.001019426020408163
368,AIS,,185,SSP119,,2016,2050,0.41565681077071415,0.00014057671568627454
369,AIS,,185,SSP119,,2051,2100,0.2853910964849999,0.0009392440476190465
370,AIS,,186,SSP119,,2016,2050,0.34144252505642847,0.00016431299019607843
371,AIS,,186,SSP119,,2051,2100,0.28320909648499987,0.0018276828231292516
372,AIS,,187,SSP119,,2016,2050,0.5874482393421427,-6.693137254901919e-06
373,AIS,,187,SSP119,,2051,2100,0.674361096485,0.0004810828231292512
374,AIS,,188,SSP119,,2016,2050,0.5282939536278571,0.0001610870098039216
375,AIS,,188,SSP119,,2051,2100,0.5011670964849999,0.0008086238095238095
376,AIS,,189,SSP119,,2016,2050,0.6083139536278571,0.00021960024509803925
377,AIS,,189,SSP119,,2051,2100,0.5860710964849999,0.0010055571428571424
378,AIS,,190,SSP119,,2016,2050,0.5117310964849999,0.00017818039215686276
379,AIS,,190,SSP119,,2051,2100,0.572221096485,0.00046000527210884315
380,AIS,,191,SSP119,,2016,2050,0.5361253821992857,0.00015825024509803927
381,AIS,,191,SSP119,,2051,2100,0.5682570964849999,0.0011095642857142853
382,AIS,,192,SSP119,,2016,2050,0.4515482393421428,9.510318627450983e-05
383,AIS,,192,SSP119,,2051,2100,0.38211509648499997,-0.00011726360544217692
384,AIS,,193,SSP119,,2016,2050,0.4843310964849999,0.00036571887254901965
385,AIS,,193,SSP119,,2051,2100,0.5198810964849999,0.0010983215986394553
386,AIS,,194,SSP119,,2016,2050,0.5961596679135713,0.00024068700980392163
387,AIS,,194,SSP119,,2051,2100,0.775393096485,0.00046203656462585
388,AIS,,195,SSP119,,2016,2050,0.6305710964849999,0.00018669338235294126
389,AIS,,195,SSP119,,2051,2100,0.700523096485,0.00041773860544217666
390,AIS,,196,SSP119,,2016,2050,0.48610823934214265,0.00022428995098039225
391,AIS,,196,SSP119,,2051,2100,0.4253390964849999,0.0005910515306122443
392,AIS,,197,SSP119,,2016,2050,0.4157082393421427,0.0002526867647058824
393,AIS,,197,SSP119,,2051,2100,0.31919509648499994,0.0016300207482993192
394,AIS,,198,SSP119,,2016,2050,0.8595025250564284,0.00015821789215686276
395,AIS,,198,SSP119,,2051,2100,0.9933970964849999,0.00011743214285714255
396,AIS,,199,SSP119,,2016,2050,0.5043996679135714,7.932107843137284e-06
397,AIS,,199,SSP119,,2051,2100,0.4941370964849998,0.001291777380952381
398,AIS,,200,SSP119,,2016,2050,0.7535253821992858,0.00026442941176470594
399,AIS,,200,SSP119,,2051,2100,0.9010690964849999,0.0009060061224489792
400,AIS,,201,SSP119,,2016,2050,0.8266739536278571,-4.123088235294119e-05
401,AIS,,201,SSP119,,2051,2100,0.9158030964849999,0.0013782008503401358
402,AIS,,202,SSP119,,2016,2050,0.5579968107707142,0.0001845894607843137
403,AIS,,202,SSP119,,2051,2100,0.35807709648499986,0.0002707649659863945
404,AIS,,203,SSP119,,2016,2050,0.5633568107707141,9.554093137254904e-05
405,AIS,,203,SSP119,,2051,2100,0.675831096485,0.0005145700680272106
406,AIS,,204,SSP119,,2016,2050,0.4368396679135714,0.00038316642156862744
407,AIS,,204,SSP119,,2051,2100,0.378465096485,0.00015081904761904695
408,AIS,,205,SSP119,,2016,2050,0.6692339536278571,0.00013442573529411767
409,AIS,,205,SSP119,,2051,2100,0.7581570964850001,0.0008206447278911561
410,AIS,,206,SSP119,,2016,2050,0.6573510964849999,-2.6451470588235285e-05
411,AIS,,206,SSP119,,2051,2100,0.8642130964849999,0.0010423062925170067
412,AIS,,207,SSP119,,2016,2050,0.4103682393421428,-6.283823529411743e-06
413,AIS,,207,SSP119,,2051,2100,0.3425370964849999,0.0008888756802721086
414,AIS,,208,SSP119,,2016,2050,0.5509739536278571,0.00017626446078431379
415,AIS,,208,SSP119,,2051,2100,0.669059096485,0.0011050578231292518
416,AIS,,209,SSP119,,2016,2050,0.4843225250564285,0.00021150490196078438
417,AIS,,209,SSP119,,2051,2100,0.509847096485,0.0010039556122448975
418,AIS,,210,SSP119,,2016,2050,0.594433953627857,0.00018752794117647058
419,AIS,,210,SSP119,,2051,2100,0.7340390964849999,0.0007872903061224485
420,AIS,,211,SSP119,,2016,2050,0.4981710964849999,-2.1196078431372373e-06
421,AIS,,211,SSP119,,2051,2100,0.4566250964849998,0.000867384013605442
422,AIS,,212,SSP119,,2016,2050,0.4972968107707142,0.0015043102941176471
423,AIS,,212,SSP119,,2051,2100,0.3374570964849999,0.004755217006802718
424,AIS,,213,SSP119,,2016,2050,0.5138396679135714,0.00016312500000000002
425,AIS,,213,SSP119,,2051,2100,0.431527096485,0.0009717341836734687
426,AIS,,214,SSP119,,2016,2050,0.549513953627857,0.0005634742647058824
427,AIS,,214,SSP119,,2051,2100,0.547527096485,0.0024251027210884352
428,AIS,,215,SSP119,,2016,2050,0.4380196679135713,0.00026434068627450983
429,AIS,,215,SSP119,,2051,2100,0.469183096485,0.0005326522108843536
430,AIS,,216,SSP119,,2016,2050,0.5618253821992856,-5.7676715686274534e-05
431,AIS,,216,SSP119,,2051,2100,0.553731096485,0.0003385285714285713
432,AIS,,217,SSP119,,2016,2050,0.5836225250564284,3.313333333333331e-05
433,AIS,,217,SSP119,,2051,2100,0.6462110964849999,0.001039564455782313
434,AIS,,218,SSP119,,2016,2050,0.7418168107707143,2.782009803921568e-05
435,AIS,,218,SSP119,,2051,2100,0.8749590964849997,0.00039767397959183666
436,AIS,,219,SSP119,,2016,2050,0.37810823934214277,0.0004329686274509804
437,AIS,,219,SSP119,,2051,2100,0.2658670964849999,0.002756862244897959
438,AIS,,220,SSP119,,2016,2050,0.6397482393421428,0.0004208553921568628
439,AIS,,220,SSP119,,2051,2100,0.9072530964849997,0.0010924889455782311
440,AIS,,221,SSP119,,2016,2050,0.6809310964849999,7.702524509803924e-05
441,AIS,,221,SSP119,,2051,2100,0.7555510964850001,-0.00014403843537414977
442,AIS,,222,SSP119,,2016,2050,0.4294568107707142,0.0002615958333333334
443,AIS,,222,SSP119,,2051,2100,0.46574909648499985,0.0015604450680272105
444,AIS,,223,SSP119,,2016,2050,0.4847082393421427,0.00015225857843137255
445,AIS,,223,SSP119,,2051,2100,0.4730890964849999,0.0013862369047619042
446,AIS,,224,SSP119,,2016,2050,0.5781625250564285,4.2586029411764706e-05
447,AIS,,224,SSP119,,2051,2100,0.5152310964849999,0.0010545421768707482
448,AIS,,225,SSP119,,2016,2050,0.42493966791357135,0.00025613431372549023
449,AIS,,225,SSP119,,2051,2100,0.29310109648499993,0.0009560079931972786
450,AIS,,226,SSP119,,2016,2050,0.7895396679135713,0.00023690049019607848
451,AIS,,226,SSP119,,2051,2100,0.852761096485,0.00039846768707482965
452,AIS,,227,SSP119,,2016,2050,0.5005625250564285,-5.1648529411764716e-05
453,AIS,,227,SSP119,,2051,2100,0.630837096485,-0.000850117006802721
454,AIS,,228,SSP119,,2016,2050,0.5240453821992856,0.00014653578431372548
455,AIS,,228,SSP119,,2051,2100,0.49002109648499986,0.0004628768707482991
456,AIS,,229,SSP119,,2016,2050,0.441753953627857,0.00013594754901960786
457,AIS,,229,SSP119,,2051,2100,0.34704909648499993,0.0012142974489795912
458,AIS,,230,SSP119,,2016,2050,0.45432538219928564,-1.1438235294117662e-05
459,AIS,,230,SSP119,,2051,2100,0.38977109648499997,0.0005257986394557824
460,AIS,,231,SSP119,,2016,2050,0.4687768107707142,8.485171568627448e-05
461,AIS,,231,SSP119,,2051,2100,0.3884950964849999,-0.0005123816326530611
462,AIS,,232,SSP119,,2016,2050,0.5310282393421428,0.00014994583333333337
463,AIS,,232,SSP119,,2051,2100,0.5596790964849999,0.0003871386054421764
464,AIS,,233,SSP119,,2016,2050,0.6005225250564286,6.023750000000005e-05
465,AIS,,233,SSP119,,2051,2100,0.5672950964849999,0.00014791989795918337
466,AIS,,234,SSP119,,2016,2050,0.5837139536278572,-0.00012052499999999995
467,AIS,,234,SSP119,,2051,2100,0.5916410964849999,0.0007658513605442174
468,AIS,,235,SSP119,,2016,2050,0.5229596679135713,0.00010999656862745103
469,AIS,,235,SSP119,,2051,2100,0.5740090964849999,0.0002356959183673465
470,AIS,,236,SSP119,,2016,2050,0.5777710964849998,-3.7693627450980074e-06
471,AIS,,236,SSP119,,2051,2100,0.6238990964849999,5.943690476190487e-05
472,AIS,,237,SSP119,,2016,2050,0.37781966791357136,0.00023332254901960793
473,AIS,,237,SSP119,,2051,2100,0.3151030964849999,0.0010074816326530608
474,AIS,,238,SSP119,,2016,2050,0.6247310964849999,0.0001211428921568627
475,AIS,,238,SSP119,,2051,2100,0.7921090964849998,-0.000902254421768707
476,AIS,,239,SSP119,,2016,2050,0.444533953627857,6.733946078431374e-05
477,AIS,,239,SSP119,,2051,2100,0.3457710964849998,0.0002872498299319726
478,AIS,,240,SSP119,,2016,2050,0.511913953627857,0.00038080637254901955
479,AIS,,240,SSP119,,2051,2100,0.504429096485,0.000506959013605442
480,AIS,,241,SSP119,,2016,2050,0.48881109648499993,-0.00010363504901960784
481,AIS,,241,SSP119,,2051,2100,0.39523709648499994,0.0005253843537414966
482,AIS,,242,SSP119,,2016,2050,0.6615310964849999,0.00013591078431372553
483,AIS,,242,SSP119,,2051,2100,0.6551690964849999,-0.00013945255102040832
484,AIS,,243,SSP119,,2016,2050,0.7010282393421429,-0.0001333438725490196
485,AIS,,243,SSP119,,2051,2100,0.9166190964849998,0.0014963232993197278
486,AIS,,244,SSP119,,2016,2050,0.5802825250564284,0.0004852598039215687
487,AIS,,244,SSP119,,2051,2100,0.6072670964849999,0.0018915239795918358
488,AIS,,245,SSP119,,2016,2050,0.5173339536278571,-3.830735294117645e-05
489,AIS,,245,SSP119,,2051,2100,0.5114670964849999,0.0007969022108843534
490,AIS,,246,SSP119,,2016,2050,0.5021453821992856,0.00022803946078431373
491,AIS,,246,SSP119,,2051,2100,0.49029509648499997,0.0020108770408163255
492,AIS,,247,SSP119,,2016,2050,0.5433053821992857,0.0003269840686274511
493,AIS,,247,SSP119,,2051,2100,0.5676410964849999,0.0007961447278911558
494,AIS,,248,SSP119,,2016,2050,0.4729025250564284,9.68938725490196e-05
495,AIS,,248,SSP119,,2051,2100,0.4157490964849999,0.00017630884353741496
496,AIS,,249,SSP119,,2016,2050,0.4785653821992856,0.0002886737745098039
497,AIS,,249,SSP119,,2051,2100,0.47355909648499994,0.0008287054421768704
498,AIS,,250,SSP119,,2016,2050,0.3952596679135713,7.11514705882353e-05
499,AIS,,250,SSP119,,2051,2100,0.3151690964849999,0.0003543928571428571
500,AIS,,251,SSP119,,2016,2050,0.4620653821992856,-0.00015692696078431376
501,AIS,,251,SSP119,,2051,2100,0.40597309648499996,0.0006895770408163263
502,AIS,,252,SSP119,,2016,2050,0.42619109648499987,0.00011303774509803924
503,AIS,,252,SSP119,,2051,2100,0.3869690964849999,1.5101530612244852e-05
504,AIS,,253,SSP119,,2016,2050,0.5311796679135714,0.00023422377450980393
505,AIS,,253,SSP119,,2051,2100,0.509231096485,0.0010682435374149654
506,AIS,,254,SSP119,,2016,2050,0.8770282393421428,0.0003767448529411765
507,AIS,,254,SSP119,,2051,2100,1.0346910964849998,0.0010608438775510198
508,AIS,,255,SSP119,,2016,2050,0.6108339536278572,0.00020485735294117647
509,AIS,,255,SSP119,,2051,2100,0.6054850964849998,0.00023549829931972767
510,AIS,,256,SSP119,,2016,2050,0.43753681077071416,0.0003246441176470589
511,AIS,,256,SSP119,,2051,2100,0.3801250964849999,0.00301787244897959
512,AIS,,257,SSP119,,2016,2050,0.4070025250564284,0.000138677205882353
513,AIS,,257,SSP119,,2051,2100,0.28546909648499985,0.0006057698979591833
514,AIS,,258,SSP119,,2016,2050,0.5320053821992856,0.0001926764705882353
515,AIS,,258,SSP119,,2051,2100,0.5249170964849998,0.0020804530612244894
516,AIS,,259,SSP119,,2016,2050,0.5737710964849999,0.0001502075980392157
517,AIS,,259,SSP119,,2051,2100,0.588739096485,0.0015379352040816318
518,AIS,,260,SSP119,,2016,2050,0.4319168107707142,7.057916666666672e-05
519,AIS,,260,SSP119,,2051,2100,0.29505109648499994,0.0013330430272108838
520,AIS,,261,SSP119,,2016,2050,0.5721110964849999,0.00012413627450980395
521,AIS,,261,SSP119,,2051,2100,0.569917096485,0.0003382068027210881
522,AIS,,262,SSP119,,2016,2050,0.5500968107707143,0.0004679642156862745
523,AIS,,262,SSP119,,2051,2100,0.4549890964849999,0.001103934353741496
524,AIS,,263,SSP119,,2016,2050,0.45220538219928563,0.0005373654411764707
525,AIS,,263,SSP119,,2051,2100,0.31143709648499995,0.0028967681972789107
526,AIS,,264,SSP119,,2016,2050,0.3817025250564285,0.00013271789215686273
527,AIS,,264,SSP119,,2051,2100,0.3223290964849999,0.0015239952380952373
528,AIS,,265,SSP119,,2016,2050,0.4069282393421428,0.00043274019607843136
529,AIS,,265,SSP119,,2051,2100,0.34989309648499983,0.0021950945578231283
530,AIS,,266,SSP119,,2016,2050,0.4212310964849999,4.40102941176471e-05
531,AIS,,266,SSP119,,2051,2100,0.3390430964849999,0.000742414115646258
532,AIS,,267,SSP119,,2016,2050,0.6763196679135716,1.4421813725490196e-05
533,AIS,,267,SSP119,,2051,2100,0.6507990964849999,0.0004500923469387753
534,AIS,,268,SSP119,,2016,2050,0.45825681077071423,4.208480392156866e-05
535,AIS,,268,SSP119,,2051,2100,0.4169950964849999,0.0009756027210884348
536,AIS,,269,SSP119,,2016,2050,0.5163425250564284,0.0005729080882352941
537,AIS,,269,SSP119,,2051,2100,0.43604309648499995,0.0017983719387755096
538,AIS,,270,SSP119,,2016,2050,0.49169109648499987,0.0003016490196078432
539,AIS,,270,SSP119,,2051,2100,0.344769096485,0.0017891520408163258
540,AIS,,271,SSP119,,2016,2050,0.49552823934214285,-4.519607843137104e-07
541,AIS,,271,SSP119,,2051,2100,0.34308309648499985,3.0324659863945507e-05
542,AIS,,272,SSP119,,2016,2050,0.553853953627857,0.00019608946078431377
543,AIS,,272,SSP119,,2051,2100,0.534025096485,0.00035889744897959146
544,AIS,,273,SSP119,,2016,2050,0.5312825250564285,4.103799019607845e-05
545,AIS,,273,SSP119,,2051,2100,0.5310210964849998,0.0002939321428571428
546,AIS,,274,SSP119,,2016,2050,0.6054882393421429,0.00016645539215686281
547,AIS,,274,SSP119,,2051,2100,0.8230330964849999,0.0008738375850340133
548,AIS,,275,SSP119,,2016,2050,0.669073953627857,0.00018676470588235294
549,AIS,,275,SSP119,,2051,2100,0.6186430964849999,0.0017494619047619044
550,AIS,,276,SSP119,,2016,2050,0.7583310964849999,0.00015645833333333332
551,AIS,,276,SSP119,,2051,2100,0.866935096485,0.0001848054421768706
552,AIS,,277,SSP119,,2016,2050,0.4365110964849999,0.0002844276960784314
553,AIS,,277,SSP119,,2051,2100,0.3792150964849999,0.0009352903061224489
554,AIS,,278,SSP119,,2016,2050,0.45495966791357134,-6.80666666666667e-05
555,AIS,,278,SSP119,,2051,2100,0.40866309648499993,0.0004971608843537415
556,AIS,,279,SSP119,,2016,2050,0.49311681077071423,0.00012658602941176476
557,AIS,,279,SSP119,,2051,2100,0.4721370964849999,0.0006790146258503398
558,AIS,,280,SSP119,,2016,2050,0.567976810770714,6.0207352941176496e-05
559,AIS,,280,SSP119,,2051,2100,0.7175530964849999,0.00046103554421768686
560,AIS,,281,SSP119,,2016,2050,0.8159196679135713,5.9110049019607866e-05
561,AIS,,281,SSP119,,2051,2100,1.0155090964850002,-0.00018944625850340137
562,AIS,,282,SSP119,,2016,2050,0.4079996679135714,0.00011802647058823529
563,AIS,,282,SSP119,,2051,2100,0.40118109648499994,0.0004766862244897958
564,AIS,,283,SSP119,,2016,2050,0.608151096485,9.472328431372552e-05
565,AIS,,283,SSP119,,2051,2100,0.651253096485,0.0007772886054421766
566,AIS,,284,SSP119,,2016,2050,0.5119053821992856,0.00019014436274509807
567,AIS,,284,SSP119,,2051,2100,0.4140030964849999,0.0016610525510204071
568,AIS,,285,SSP119,,2016,2050,0.47329109648499984,7.310392156862749e-05
569,AIS,,285,SSP119,,2051,2100,0.3709270964849999,-0.00018987023809523805
570,AIS,,286,SSP119,,2016,2050,0.4957282393421428,4.3817401960784316e-05
571,AIS,,286,SSP119,,2051,2100,0.39332109648499997,0.00065432925170068
572,AIS,,287,SSP119,,2016,2050,0.43131109648499993,-3.089656862745095e-05
573,AIS,,287,SSP119,,2051,2100,0.37310709648499985,0.0013923304421768704
574,AIS,,288,SSP119,,2016,2050,0.49222252505642844,0.00014124460784313724
575,AIS,,288,SSP119,,2051,2100,0.40006909648499994,0.0004312147959183674
576,AIS,,289,SSP119,,2016,2050,0.561873953627857,0.000457902205882353
577,AIS,,289,SSP119,,2051,2100,0.575491096485,0.001152117687074829
578,AIS,,290,SSP119,,2016,2050,0.5001253821992856,0.00023333357843137263
579,AIS,,290,SSP119,,2051,2100,0.349773096485,0.0019796826530612236
580,AIS,,291,SSP119,,2016,2050,0.38330252505642853,8.419607843137255e-05
581,AIS,,291,SSP119,,2051,2100,0.2877710964849999,0.00037204421768707494
582,AIS,,292,SSP119,,2016,2050,0.9106825250564284,0.00010396446078431372
583,AIS,,292,SSP119,,2051,2100,1.062381096485,0.0009138845238095232
584,AIS,,293,SSP119,,2016,2050,0.4328882393421427,0.0001261796568627451
585,AIS,,293,SSP119,,2051,2100,0.43348709648499983,0.0014127294217687067
586,AIS,,294,SSP119,,2016,2050,0.49038823934214276,9.377156862745104e-05
587,AIS,,294,SSP119,,2051,2100,0.40791709648499996,0.0008053887755102038
588,AIS,,295,SSP119,,2016,2050,0.701231096485,9.089754901960783e-05
589,AIS,,295,SSP119,,2051,2100,0.8151490964849999,-0.00014708639455782318
590,AIS,,296,SSP119,,2016,2050,0.49832252505642854,0.000136528431372549
591,AIS,,296,SSP119,,2051,2100,0.5188190964849999,0.00019987346938775508
592,AIS,,297,SSP119,,2016,2050,0.5225510964849999,-9.552769607843135e-05
593,AIS,,297,SSP119,,2051,2100,0.763185096485,0.0003274930272108836
594,AIS,,298,SSP119,,2016,2050,0.5638510964849998,0.00016206691176470585
595,AIS,,298,SSP119,,2051,2100,0.4504390964849999,-0.0001820826530612246
596,AIS,,299,SSP119,,2016,2050,0.4967739536278571,4.882573529411766e-05
597,AIS,,299,SSP119,,2051,2100,0.5304970964849999,0.0004980676870748297
598,AIS,,300,SSP119,,2016,2050,0.4707453821992856,-4.955637254901959e-05
599,AIS,,300,SSP119,,2051,2100,0.45997509648499985,-0.0012296653061224484
600,AIS,,301,SSP119,,2016,2050,0.5515682393421427,0.00044428161764705897
601,AIS,,301,SSP119,,2051,2100,0.5335630964849999,0.0006006367346938769
602,AIS,,302,SSP119,,2016,2050,0.45730538219928557,0.00036381887254901966
603,AIS,,302,SSP119,,2051,2100,0.41216509648499994,0.0022794238095238087
604,AIS,,303,SSP119,,2016,2050,0.47085681077071423,-2.472671568627452e-05
605,AIS,,303,SSP119,,2051,2100,0.40784709648499984,0.0002172108843537415
606,AIS,,304,SSP119,,2016,2050,0.4809710964849998,0.0002435725490196079
607,AIS,,304,SSP119,,2051,2100,0.4789470964849999,0.0007109894557823125
608,AIS,,305,SSP119,,2016,2050,0.6474768107707142,5.282647058823526e-05
609,AIS,,305,SSP119,,2051,2100,0.848553096485,0.0009472784013605437
610,AIS,,306,SSP119,,2016,2050,0.46322538219928566,3.841421568627438e-06
611,AIS,,306,SSP119,,2051,2100,0.4231550964849999,0.00033046649659863923
612,AIS,,307,SSP119,,2016,2050,0.5135225250564285,0.00015147009803921573
613,AIS,,307,SSP119,,2051,2100,0.5804430964849999,0.0010191270408163261
614,AIS,,308,SSP119,,2016,2050,0.5150682393421429,7.370759803921573e-05
615,AIS,,308,SSP119,,2051,2100,0.4924150964849999,0.0005113236394557822
616,AIS,,309,SSP119,,2016,2050,0.48284538219928563,5.890563725490197e-05
617,AIS,,309,SSP119,,2051,2100,0.40291309648499996,0.0002671239795918366
618,AIS,,310,SSP119,,2016,2050,0.5943996679135714,0.00045379068627450985
619,AIS,,310,SSP119,,2051,2100,0.5228270964849999,0.002043987074829931
620,AIS,,311,SSP119,,2016,2050,0.5314453821992857,0.00018162132352941179
621,AIS,,311,SSP119,,2051,2100,0.5553290964849998,0.0007069197278911558
622,AIS,,312,SSP119,,2016,2050,0.5406768107707143,3.455098039215688e-05
623,AIS,,312,SSP119,,2051,2100,0.5726130964849999,0.001306823639455782
624,AIS,,313,SSP119,,2016,2050,0.6130710964849999,8.637426470588237e-05
625,AIS,,313,SSP119,,2051,2100,0.6870010964849999,0.0007735464285714283
626,AIS,,314,SSP119,,2016,2050,0.43828538219928564,-5.082573529411762e-05
627,AIS,,314,SSP119,,2051,2100,0.49432309648499995,-4.492789115646265e-05
628,AIS,,315,SSP119,,2016,2050,0.4280939536278571,3.314803921568628e-05
629,AIS,,315,SSP119,,2051,2100,0.39012709648499994,0.001180365646258503
630,AIS,,316,SSP119,,2016,2050,0.6339225250564285,0.00029612573529411775
631,AIS,,316,SSP119,,2051,2100,0.8079990964849999,0.0015444564625850337
632,AIS,,317,SSP119,,2016,2050,0.5722882393421428,0.00022621568627450992
633,AIS,,317,SSP119,,2051,2100,0.6858690964849999,0.0012651690476190467
634,AIS,,318,SSP119,,2016,2050,0.36487966791357135,2.366642156862744e-05
635,AIS,,318,SSP119,,2051,2100,0.2140410964849999,0.0003802744897959179
636,AIS,,319,SSP119,,2016,2050,0.4033596679135713,-4.057279411764706e-05
637,AIS,,319,SSP119,,2051,2100,0.37084509648499986,-0.0005670503401360545
638,AIS,,320,SSP119,,2016,2050,0.6487368107707143,0.00015029681372549027
639,AIS,,320,SSP119,,2051,2100,0.586131096485,0.001370355612244898
640,AIS,,321,SSP119,,2016,2050,0.4576653821992857,0.0001563997549019608
641,AIS,,321,SSP119,,2051,2100,0.3651730964849999,0.00124885969387755
642,AIS,,322,SSP119,,2016,2050,0.5186082393421428,7.765882352941177e-05
643,AIS,,322,SSP119,,2051,2100,0.605895096485,0.0009423389455782311
644,AIS,,323,SSP119,,2016,2050,0.4671396679135713,0.00022972230392156865
645,AIS,,323,SSP119,,2051,2100,0.34801309648499995,0.0008956280612244894
646,AIS,,324,SSP119,,2016,2050,0.5831910964849998,4.9146568627450966e-05
647,AIS,,324,SSP119,,2051,2100,0.6737730964849998,0.0011755877551020404
648,AIS,,325,SSP119,,2016,2050,0.5334568107707142,4.258627450980392e-05
649,AIS,,325,SSP119,,2051,2100,0.5112930964849999,-0.0002788773809523808
650,AIS,,326,SSP119,,2016,2050,0.37535395362785706,0.00019644632352941173
651,AIS,,326,SSP119,,2051,2100,0.2353650964849999,0.0005490865646258502
652,AIS,,327,SSP119,,2016,2050,0.3817968107707142,0.0002896514705882353
653,AIS,,327,SSP119,,2051,2100,0.17422509648499993,0.00014290884353741472
654,AIS,,328,SSP119,,2016,2050,0.614493953627857,0.00018158137254901968
655,AIS,,328,SSP119,,2051,2100,0.5904530964849999,0.0002891646258503398
656,AIS,,329,SSP119,,2016,2050,0.5750882393421428,7.936985294117649e-05
657,AIS,,329,SSP119,,2051,2100,0.5381350964849999,0.0008432190476190472
658,AIS,,330,SSP119,,2016,2050,0.4557968107707142,1.941936274509802e-05
659,AIS,,330,SSP119,,2051,2100,0.36613709648499987,0.000703619557823129
660,AIS,,331,SSP119,,2016,2050,0.49994538219928547,0.0003204654411764706
661,AIS,,331,SSP119,,2051,2100,0.659485096485,0.0016966829931972782
662,AIS,,332,SSP119,,2016,2050,0.47790538219928563,0.00010013480392156867
663,AIS,,332,SSP119,,2051,2100,0.4802230964849999,0.0006723562925170066
664,AIS,,333,SSP119,,2016,2050,0.42834252505642845,0.00048040808823529416
665,AIS,,333,SSP119,,2051,2100,0.34148709648499986,0.001875281972789115
666,AIS,,334,SSP119,,2016,2050,0.5176025250564285,0.0001547357843137255
667,AIS,,334,SSP119,,2051,2100,0.504489096485,-8.782653061224727e-06
668,AIS,,335,SSP119,,2016,2050,0.4138139536278571,5.077450980392169e-06
669,AIS,,335,SSP119,,2051,2100,0.410929096485,0.00025162210884353717
670,AIS,,336,SSP119,,2016,2050,0.5686625250564283,1.833823529411769e-05
671,AIS,,336,SSP119,,2051,2100,0.5067770964849999,0.0002991438775510202
672,AIS,,337,SSP119,,2016,2050,0.47785681077071424,0.00018543529411764708
673,AIS,,337,SSP119,,2051,2100,0.4707410964849999,0.0004598595238095237
674,AIS,,338,SSP119,,2016,2050,0.604231096485,0.00012043063725490199
675,AIS,,338,SSP119,,2051,2100,0.578499096485,0.0010391280612244895
676,AIS,,339,SSP119,,2016,2050,0.6200653821992856,0.00010206617647058829
677,AIS,,339,SSP119,,2051,2100,0.691353096485,0.0008041661564625846
678,AIS,,340,SSP119,,2016,2050,0.6302510964849999,0.0001696534313725491
679,AIS,,340,SSP119,,2051,2100,0.6151570964849999,0.0011628171768707477
680,AIS,,341,SSP119,,2016,2050,0.3207053821992856,0.0003441821078431373
681,AIS,,341,SSP119,,2051,2100,0.25363909648499994,0.0010828408163265299
682,AIS,,342,SSP119,,2016,2050,0.5753853821992857,0.00010810784313725496
683,AIS,,342,SSP119,,2051,2100,0.530043096485,0.0008788525510204079
684,AIS,,343,SSP119,,2016,2050,0.557453953627857,3.342377450980392e-05
685,AIS,,343,SSP119,,2051,2100,0.6546210964849999,-0.00031782874149659853
686,AIS,,344,SSP119,,2016,2050,0.4989453821992855,0.00010316593137254904
687,AIS,,344,SSP119,,2051,2100,0.4596450964849999,-8.286020408163289e-05
688,AIS,,345,SSP119,,2016,2050,0.6412882393421427,0.0004297713235294118
689,AIS,,345,SSP119,,2051,2100,0.512761096485,0.001985435204081631
690,AIS,,346,SSP119,,2016,2050,0.4484482393421428,0.0002949085784313726
691,AIS,,346,SSP119,,2051,2100,0.48825509648499993,0.001686349659863945
692,AIS,,347,SSP119,,2016,2050,0.5629425250564285,0.0003846590686274511
693,AIS,,347,SSP119,,2051,2100,0.6556590964849999,0.001413653911564625
694,AIS,,348,SSP119,,2016,2050,0.514751096485,3.194534313725491e-05
695,AIS,,348,SSP119,,2051,2100,0.45981509648499996,0.0004138423469387752
696,AIS,,349,SSP119,,2016,2050,0.48515395362785707,0.00022160122549019613
697,AIS,,349,SSP119,,2051,2100,0.4157970964849999,0.0001482488095238092
698,AIS,,350,SSP119,,2016,2050,0.4107653821992856,0.00011801764705882355
699,AIS,,350,SSP119,,2051,2100,0.39905509648499987,0.000387396428571428
700,AIS,,351,SSP119,,2016,2050,0.5308425250564285,5.2020343137254904e-05
701,AIS,,351,SSP119,,2051,2100,0.4087990964849999,0.0009698705782312923
702,AIS,,352,SSP119,,2016,2050,0.4647482393421428,0.00030893235294117655
703,AIS,,352,SSP119,,2051,2100,0.40627509648499993,0.0008554103741496595
704,AIS,,353,SSP119,,2016,2050,0.6169653821992857,0.00013037132352941176
705,AIS,,353,SSP119,,2051,2100,0.6165390964849998,0.0006026707482993195
706,AIS,,354,SSP119,,2016,2050,0.4528739536278571,0.000195159068627451
707,AIS,,354,SSP119,,2051,2100,0.36742109648499993,0.0006951755102040812
708,AIS,,355,SSP119,,2016,2050,0.4850425250564284,4.6849509803921556e-05
709,AIS,,355,SSP119,,2051,2100,0.5175010964849999,0.0013039615646258495
710,AIS,,356,SSP119,,2016,2050,0.3981482393421427,0.0002595774509803922
711,AIS,,356,SSP119,,2051,2100,0.3570850964849999,0.001279841496598639
712,AIS,,357,SSP119,,2016,2050,0.4060168107707142,-1.3915441176470598e-05
713,AIS,,357,SSP119,,2051,2100,0.20209109648499993,0.00011770544217687076
714,AIS,,358,SSP119,,2016,2050,0.4009825250564285,9.850980392156865e-05
715,AIS,,358,SSP119,,2051,2100,0.38625309648499984,0.0006229380952380952
716,AIS,,359,SSP119,,2016,2050,0.4555653821992856,0.00024122622549019613
717,AIS,,359,SSP119,,2051,2100,0.44462509648499987,0.0012968520408163254
718,AIS,,360,SSP119,,2016,2050,0.4060882393421427,3.9291666666666675e-05
719,AIS,,360,SSP119,,2051,2100,0.23442709648499988,0.0004506130952380952
720,AIS,,361,SSP119,,2016,2050,0.4413310964849999,0.00014416617647058827
721,AIS,,361,SSP119,,2051,2100,0.27263109648499995,0.00036763690476190436
722,AIS,,362,SSP119,,2016,2050,0.541511096485,0.0003269517156862746
723,AIS,,362,SSP119,,2051,2100,0.5181450964849998,0.0012491023809523805
724,AIS,,363,SSP119,,2016,2050,0.48686252505642846,0.00019019558823529415
725,AIS,,363,SSP119,,2051,2100,0.5500170964849999,0.0007128858843537412
726,AIS,,364,SSP119,,2016,2050,0.6244625250564284,0.00010091715686274512
727,AIS,,364,SSP119,,2051,2100,0.4970430964849998,4.001496598639452e-05
728,AIS,,365,SSP119,,2016,2050,0.5316082393421427,0.00025516029411764706
729,AIS,,365,SSP119,,2051,2100,0.573067096485,0.0024321243197278903
730,AIS,,366,SSP119,,2016,2050,0.5780682393421426,0.0003148919117647059
731,AIS,,366,SSP119,,2051,2100,0.641751096485,0.0015055459183673458
732,AIS,,367,SSP119,,2016,2050,0.5650425250564286,0.0001458183823529412
733,AIS,,367,SSP119,,2051,2100,0.5577370964849999,-0.00030039846938775507
734,AIS,,368,SSP119,,2016,2050,0.4194682393421427,0.00020997230392156866
735,AIS,,368,SSP119,,2051,2100,0.32406709648499993,0.0015333804421768702
736,AIS,,369,SSP119,,2016,2050,0.440011096485,-4.8380392156862756e-05
737,AIS,,369,SSP119,,2051,2100,0.40082109648499986,-0.00031078843537414965
738,AIS,,370,SSP119,,2016,2050,0.4362196679135713,-6.146348039215691e-05
739,AIS,,370,SSP119,,2051,2100,0.373737096485,5.0452040816326485e-05
740,AIS,,371,SSP119,,2016,2050,0.5218025250564285,0.0001086406862745098
741,AIS,,371,SSP119,,2051,2100,0.43524509648499987,0.00044695986394557814
742,AIS,,372,SSP119,,2016,2050,0.47950252505642854,0.0002233595588235295
743,AIS,,372,SSP119,,2051,2100,0.4824730964849999,0.0015302845238095231
744,AIS,,373,SSP119,,2016,2050,0.5023425250564284,0.0001742803921568628
745,AIS,,373,SSP119,,2051,2100,0.6114690964849998,0.00040582261904761885
746,AIS,,374,SSP119,,2016,2050,0.5400453821992857,7.254485294117647e-05
747,AIS,,374,SSP119,,2051,2100,0.509443096485,0.0007912175170068024
748,AIS,,375,SSP119,,2016,2050,0.4275882393421428,0.00017486397058823533
749,AIS,,375,SSP119,,2051,2100,0.39242309648499996,0.001069410714285714
750,AIS,,376,SSP119,,2016,2050,0.42247966791357133,0.00016604289215686277
751,AIS,,376,SSP119,,2051,2100,0.2935130964849999,0.0010665862244897957
752,AIS,,377,SSP119,,2016,2050,0.5974882393421428,0.00012058014705882353
753,AIS,,377,SSP119,,2051,2100,0.5394830964849999,0.0004136312925170066
754,AIS,,378,SSP119,,2016,2050,0.5004968107707142,8.827941176470594e-05
755,AIS,,378,SSP119,,2051,2100,0.5066030964849999,0.0007723005102040813
756,AIS,,379,SSP119,,2016,2050,0.5428482393421429,7.587205882352942e-05
757,AIS,,379,SSP119,,2051,2100,0.527819096485,-0.00020167006802721088
758,AIS,,380,SSP119,,2016,2050,0.3741682393421427,-1.4312009803921563e-05
759,AIS,,380,SSP119,,2051,2100,0.3037030964849999,-0.0006102681972789115
760,AIS,,381,SSP119,,2016,2050,0.7351968107707142,0.00043745637254901976
761,AIS,,381,SSP119,,2051,2100,0.7494550964849997,0.003028893707482992
762,AIS,,382,SSP119,,2016,2050,0.6329910964849998,0.00034659019607843135
763,AIS,,382,SSP119,,2051,2100,0.525079096485,0.0009686804421768701
764,AIS,,383,SSP119,,2016,2050,0.45465109648499996,8.485196078431373e-05
765,AIS,,383,SSP119,,2051,2100,0.42287109648499993,0.0006517602040816326
766,AIS,,384,SSP119,,2016,2050,0.35675681077071425,8.844534313725491e-05
767,AIS,,384,SSP119,,2051,2100,0.30477709648499995,0.00033803639455782294
768,AIS,,385,SSP119,,2016,2050,0.6037482393421428,0.000413195343137255
769,AIS,,385,SSP119,,2051,2100,0.685437096485,0.002789228231292516
770,AIS,,386,SSP119,,2016,2050,0.4262453821992856,-2.17389705882353e-05
771,AIS,,386,SSP119,,2051,2100,0.4315910964849998,0.00017710204081632645
772,AIS,,387,SSP119,,2016,2050,0.43814538219928567,3.6503431372549036e-05
773,AIS,,387,SSP119,,2051,2100,0.2940170964849999,0.0010268241496598632
774,AIS,,388,SSP119,,2016,2050,0.3749682393421428,9.389803921568631e-05
775,AIS,,388,SSP119,,2051,2100,0.2609830964849999,0.0008411236394557821
776,AIS,,389,SSP119,,2016,2050,0.4907310964849999,8.50071078431373e-05
777,AIS,,389,SSP119,,2051,2100,0.4927350964849999,0.0008326338435374146
778,AIS,,390,SSP119,,2016,2050,0.4522510964849999,0.00013713480392156866
779,AIS,,390,SSP119,,2051,2100,0.4204510964849999,8.219183673469367e-05
780,AIS,,391,SSP119,,2016,2050,0.7025396679135714,0.00014422965686274516
781,AIS,,391,SSP119,,2051,2100,0.7490410964849998,0.0011473976190476188
782,AIS,,392,SSP119,,2016,2050,0.49921966791357136,0.00041650710784313735
783,AIS,,392,SSP119,,2051,2100,0.45589709648499993,0.002113535204081632
784,AIS,,393,SSP119,,2016,2050,0.6390053821992856,0.00023905588235294118
785,AIS,,393,SSP119,,2051,2100,0.7246130964849999,0.0008094348639455781
786,AIS,,394,SSP119,,2016,2050,0.5209368107707142,0.00014680735294117652
787,AIS,,394,SSP119,,2051,2100,0.4127290964849999,0.0012028828231292516
788,AIS,,395,SSP119,,2016,2050,0.5595225250564284,-2.5711764705882342e-05
789,AIS,,395,SSP119,,2051,2100,0.548627096485,0.0003973954081632651
790,AIS,,396,SSP119,,2016,2050,0.5208139536278572,0.000170159068627451
791,AIS,,396,SSP119,,2051,2100,0.4352810964849999,0.0010427455782312924
792,AIS,,397,SSP119,,2016,2050,0.521093953627857,0.0001649053921568628
793,AIS,,397,SSP119,,2051,2100,0.5252010964849999,0.00031938758503401345
794,AIS,,398,SSP119,,2016,2050,0.609231096485,6.698455882352942e-05
795,AIS,,398,SSP119,,2051,2100,0.721957096485,-5.3605272108843364e-05
796,AIS,,399,SSP119,,2016,2050,0.4197310964849999,0.00029664509803921575
797,AIS,,399,SSP119,,2051,2100,0.2970110964849999,0.002486021598639455
798,AIS,,400,SSP119,,2016,2050,0.45021395362785704,0.00018431985294117646
799,AIS,,400,SSP119,,2051,2100,0.40153709648499997,0.0006413982993197278
800,AIS,,401,SSP119,,2016,2050,0.7596768107707141,9.907450980392159e-05
801,AIS,,401,SSP119,,2051,2100,0.7612310964849999,0.00032594710884353725
802,AIS,,402,SSP119,,2016,2050,0.6182368107707141,0.00010850735294117647
803,AIS,,402,SSP119,,2051,2100,0.612765096485,0.0004062175170068027
804,AIS,,403,SSP119,,2016,2050,0.5738053821992857,0.00016245808823529413
805,AIS,,403,SSP119,,2051,2100,0.5427490964849998,0.00041015085034013584
806,AIS,,404,SSP119,,2016,2050,0.4210482393421428,0.00034804142156862755
807,AIS,,404,SSP119,,2051,2100,0.3817530964849999,0.0013064193877551015
808,AIS,,405,SSP119,,2016,2050,0.3648110964849999,0.0001843375
809,AIS,,405,SSP119,,2051,2100,0.19289309648499994,0.0013476549319727889
810,AIS,,406,SSP119,,2016,2050,0.5095282393421428,9.741029411764704e-05
811,AIS,,406,SSP119,,2051,2100,0.5340190964849999,0.0005830125850340133
812,AIS,,407,SSP119,,2016,2050,0.6018853821992856,0.00011695465686274511
813,AIS,,407,SSP119,,2051,2100,0.5867250964849999,0.0011298214285714284
814,AIS,,408,SSP119,,2016,2050,0.47773966791357136,0.00023225294117647065
815,AIS,,408,SSP119,,2051,2100,0.45177109648499986,0.0005789166666666664
816,AIS,,409,SSP119,,2016,2050,0.4297339536278571,0.00020396004901960786
817,AIS,,409,SSP119,,2051,2100,0.37965709648499996,0.0012849986394557818
818,AIS,,410,SSP119,,2016,2050,0.5170082393421427,0.00016522009803921568
819,AIS,,410,SSP119,,2051,2100,0.49579709648499987,0.0004655149659863944
820,AIS,,411,SSP119,,2016,2050,0.49054538219928556,-4.185294117647063e-06
821,AIS,,411,SSP119,,2051,2100,0.5156910964849999,0.0005344894557823128
822,AIS,,412,SSP119,,2016,2050,0.5566768107707142,0.00012851200980392162
823,AIS,,412,SSP119,,2051,2100,0.5986670964849999,0.0009236746598639449
824,AIS,,413,SSP119,,2016,2050,0.5709110964849999,5.251151960784318e-05
825,AIS,,413,SSP119,,2051,2100,0.4575990964849999,2.3618707482992895e-05
826,AIS,,414,SSP119,,2016,2050,0.44169395362785707,7.549632352941181e-05
827,AIS,,414,SSP119,,2051,2100,0.34366309648499993,0.0008743193877551016
828,AIS,,415,SSP119,,2016,2050,0.5532168107707142,7.76924019607843e-05
829,AIS,,415,SSP119,,2051,2100,0.5878330964849998,0.0007296801020408159
830,AIS,,416,SSP119,,2016,2050,0.3757596679135713,0.00012141813725490199
831,AIS,,416,SSP119,,2051,2100,0.37045509648499997,0.001041407482993197
832,AIS,,417,SSP119,,2016,2050,0.796053953627857,8.481617647058823e-05
833,AIS,,417,SSP119,,2051,2100,1.032039096485,0.001362773809523809
834,AIS,,418,SSP119,,2016,2050,0.5017282393421428,0.00021617107843137254
835,AIS,,418,SSP119,,2051,2100,0.7672570964849998,0.0009845227891156461
836,AIS,,419,SSP119,,2016,2050,0.696093953627857,8.273014705882359e-05
837,AIS,,419,SSP119,,2051,2100,0.7357770964849999,0.0013509862244897954
838,AIS,,420,SSP119,,2016,2050,0.3877968107707142,0.00030055612745098043
839,AIS,,420,SSP119,,2051,2100,0.2885690964849999,0.0011304727891156456
840,AIS,,421,SSP119,,2016,2050,0.4945796679135713,-7.006495098039217e-05
841,AIS,,421,SSP119,,2051,2100,0.44594509648499986,2.9658843537414804e-05
842,AIS,,422,SSP119,,2016,2050,0.6525425250564285,8.77355392156863e-05
843,AIS,,422,SSP119,,2051,2100,1.1285190964849998,0.0005991727891156462
844,AIS,,423,SSP119,,2016,2050,0.5123796679135714,0.00010185343137254904
845,AIS,,423,SSP119,,2051,2100,0.5399070964849999,4.468503401360519e-05
846,AIS,,424,SSP119,,2016,2050,0.8527396679135714,4.567083333333334e-05
847,AIS,,424,SSP119,,2051,2100,1.1976930964849999,0.0006470202380952379
848,AIS,,425,SSP119,,2016,2050,0.6240225250564284,0.0001686948529411765
849,AIS,,425,SSP119,,2051,2100,0.8407170964849997,0.001030324489795918
850,AIS,,426,SSP119,,2016,2050,0.5257282393421429,0.0001489656862745098
851,AIS,,426,SSP119,,2051,2100,0.5082910964849999,-0.0002639034013605447
852,AIS,,427,SSP119,,2016,2050,0.4885253821992856,0.00015323088235294122
853,AIS,,427,SSP119,,2051,2100,0.31776109648499995,0.0004383685374149659
854,AIS,,428,SSP119,,2016,2050,0.5022682393421428,-0.00010693063725490196
855,AIS,,428,SSP119,,2051,2100,0.41833309648499983,0.0005220113945578231
856,AIS,,429,SSP119,,2016,2050,0.43293681077071416,0.00024936250000000005
857,AIS,,429,SSP119,,2051,2100,0.4512590964849999,0.00044420442176870716
858,AIS,,430,SSP119,,2016,2050,0.6199253821992856,0.00017842500000000001
859,AIS,,430,SSP119,,2051,2100,0.7697210964849998,0.0008155671768707478
860,AIS,,431,SSP119,,2016,2050,0.5752653821992855,0.0003148696078431374
861,AIS,,431,SSP119,,2051,2100,0.7081790964849998,0.0012316721088435365
862,AIS,,432,SSP119,,2016,2050,0.4872282393421428,-3.1297549019607834e-05
863,AIS,,432,SSP119,,2051,2100,0.4544890964849999,0.001547973979591836
864,AIS,,433,SSP119,,2016,2050,0.37970823934214276,2.571715686274512e-05
865,AIS,,433,SSP119,,2051,2100,0.37850309648499997,8.077874149659856e-05
866,AIS,,434,SSP119,,2016,2050,0.3901768107707142,0.0001475561274509804
867,AIS,,434,SSP119,,2051,2100,0.3804970964849999,0.0009435028911564621
868,AIS,,435,SSP119,,2016,2050,0.6976396679135713,0.00016662843137254905
869,AIS,,435,SSP119,,2051,2100,0.9270070964849998,0.0005052629251700679
870,AIS,,436,SSP119,,2016,2050,0.40655395362785707,-0.00010889803921568624
871,AIS,,436,SSP119,,2051,2100,0.3732250964849999,4.748809523809521e-05
872,AIS,,437,SSP119,,2016,2050,0.40086538219928564,0.0006068399509803923
873,AIS,,437,SSP119,,2051,2100,0.2407210964849999,0.002628614285714284
874,AIS,,438,SSP119,,2016,2050,0.5719225250564285,0.0001186049019607844
875,AIS,,438,SSP119,,2051,2100,0.6374270964849998,-0.0005386903061224487
876,AIS,,439,SSP119,,2016,2050,0.43143109648499994,-7.738161764705883e-05
877,AIS,,439,SSP119,,2051,2100,0.21944509648499988,-0.0006452734693877553
878,AIS,,440,SSP119,,2016,2050,0.515511096485,9.848186274509805e-05
879,AIS,,440,SSP119,,2051,2100,0.5905170964849998,0.0002161850340136053
880,AIS,,441,SSP119,,2016,2050,0.5505682393421428,3.855735294117647e-05
881,AIS,,441,SSP119,,2051,2100,0.6492910964849998,0.00041358537414965977
882,AIS,,442,SSP119,,2016,2050,0.46523966791357135,0.00048554558823529423
883,AIS,,442,SSP119,,2051,2100,0.3268710964849999,0.002344052721088434
884,AIS,,443,SSP119,,2016,2050,0.3697168107707142,0.00025945637254901966
885,AIS,,443,SSP119,,2051,2100,0.2260870964849999,0.0015689532312925163
886,AIS,,444,SSP119,,2016,2050,0.46677966791357134,0.00013878921568627453
887,AIS,,444,SSP119,,2051,2100,0.47581709648499987,4.4745238095238145e-05
888,AIS,,445,SSP119,,2016,2050,0.6279710964849999,1.2546078431372569e-05
889,AIS,,445,SSP119,,2051,2100,0.6199270964849998,-0.0007167015306122447
890,AIS,,446,SSP119,,2016,2050,0.5673025250564284,0.0001688723039215687
891,AIS,,446,SSP119,,2051,2100,0.5404850964849999,0.0005278455782312923
892,AIS,,447,SSP119,,2016,2050,0.7780968107707142,-2.2583333333333233e-06
893,AIS,,447,SSP119,,2051,2100,0.8250610964849998,-0.00021704659863945583
894,AIS,,448,SSP119,,2016,2050,0.612913953627857,0.00013435784313725493
895,AIS,,448,SSP119,,2051,2100,0.7258470964849999,0.00028763248299319705
896,AIS,,449,SSP119,,2016,2050,0.5257225250564285,0.0001625585784313726
897,AIS,,449,SSP119,,2051,2100,0.5064070964849998,0.0015383790816326526
898,AIS,,450,SSP119,,2016,2050,0.4125910964849999,8.915416666666667e-05
899,AIS,,450,SSP119,,2051,2100,0.3065590964849999,0.0009323414965986393
900,AIS,,451,SSP119,,2016,2050,0.4512053821992857,0.00018796176470588238
901,AIS,,451,SSP119,,2051,2100,0.3687490964849999,0.0006154554421768701
902,AIS,,452,SSP119,,2016,2050,0.8081396679135714,0.00013501960784313726
903,AIS,,452,SSP119,,2051,2100,1.059625096485,0.00036354336734693886
904,AIS,,453,SSP119,,2016,2050,0.5146596679135713,6.52823529411765e-05
905,AIS,,453,SSP119,,2051,2100,0.521161096485,-0.00027365697278911564
906,AIS,,454,SSP119,,2016,2050,0.860413953627857,8.269240196078432e-05
907,AIS,,454,SSP119,,2051,2100,1.161885096485,0.0013634642857142851
908,AIS,,455,SSP119,,2016,2050,0.5402482393421427,9.862622549019608e-05
909,AIS,,455,SSP119,,2051,2100,0.6667090964849999,0.0008566335034013602
910,AIS,,456,SSP119,,2016,2050,0.5209053821992855,0.0001004855392156863
911,AIS,,456,SSP119,,2051,2100,0.4190750964849999,0.0020844426870748295
912,AIS,,457,SSP119,,2016,2050,0.5135396679135714,6.12061274509804e-05
913,AIS,,457,SSP119,,2051,2100,0.42637509648499994,0.001079581122448979
914,AIS,,458,SSP119,,2016,2050,0.6050196679135713,2.082745098039218e-05
915,AIS,,458,SSP119,,2051,2100,0.653107096485,0.0006924130952380953
916,AIS,,459,SSP119,,2016,2050,0.536671096485,-1.8752450980392136e-05
917,AIS,,459,SSP119,,2051,2100,0.47211309648499994,0.001184301870748299
918,AIS,,460,SSP119,,2016,2050,0.5003739536278571,1.1627205882352957e-05
919,AIS,,460,SSP119,,2051,2100,0.5925330964849999,0.00038872551020408143
920,AIS,,461,SSP119,,2016,2050,0.5951853821992856,0.0003106058823529412
921,AIS,,461,SSP119,,2051,2100,0.651877096485,0.0007857852040816322
922,AIS,,462,SSP119,,2016,2050,0.4323425250564285,9.330882352941181e-05
923,AIS,,462,SSP119,,2051,2100,0.42698709648499983,0.0016017772108843531
924,AIS,,463,SSP119,,2016,2050,0.5840739536278571,6.91666666666667e-05
925,AIS,,463,SSP119,,2051,2100,0.6093150964849999,0.000743215986394557
926,AIS,,464,SSP119,,2016,2050,0.49927395362785704,0.00035884607843137263
927,AIS,,464,SSP119,,2051,2100,0.40924709648499996,0.0021464450680272096
928,AIS,,465,SSP119,,2016,2050,0.4029025250564285,0.0003245259803921568
929,AIS,,465,SSP119,,2051,2100,0.3720310964849999,0.0003585753401360541
930,AIS,,466,SSP119,,2016,2050,0.7233568107707141,0.0001243948529411765
931,AIS,,466,SSP119,,2051,2100,0.9691990964849999,0.00186115425170068
932,AIS,,467,SSP119,,2016,2050,0.5216539536278569,1.469044117647061e-05
933,AIS,,467,SSP119,,2051,2100,0.501345096485,0.0014174525510204069
934,AIS,,468,SSP119,,2016,2050,0.48364823934214274,0.00045073161764705883
935,AIS,,468,SSP119,,2051,2100,0.32660709648499986,0.00018986853741496585
936,AIS,,469,SSP119,,2016,2050,0.5288710964850001,0.00012756936274509802
937,AIS,,469,SSP119,,2051,2100,0.5121670964849999,0.000665784183673469
938,AIS,,470,SSP119,,2016,2050,0.5252168107707142,0.00012804264705882357
939,AIS,,470,SSP119,,2051,2100,0.5092850964849999,0.0006322181972789116
940,AIS,,471,SSP119,,2016,2050,0.636493953627857,0.00014916151960784317
941,AIS,,471,SSP119,,2051,2100,0.630381096485,0.0010191442176870744
942,AIS,,472,SSP119,,2016,2050,0.5249368107707142,4.4781372549019646e-05
943,AIS,,472,SSP119,,2051,2100,0.4880250964849999,0.00018774642857142854
944,AIS,,473,SSP119,,2016,2050,0.5353653821992856,0.00048660220588235315
945,AIS,,473,SSP119,,2051,2100,0.554079096485,0.0014656930272108836
946,AIS,,474,SSP119,,2016,2050,0.5354825250564285,7.30441176470589e-06
947,AIS,,474,SSP119,,2051,2100,0.6096350964849999,-9.487244897959033e-06
948,AIS,,475,SSP119,,2016,2050,0.39425681077071417,0.00020718137254901962
949,AIS,,475,SSP119,,2051,2100,0.3218190964849999,0.001246447278911564
950,AIS,,476,SSP119,,2016,2050,0.4256368107707142,1.1252941176470603e-05
951,AIS,,476,SSP119,,2051,2100,0.2835430964849999,0.0004019942176870748
952,AIS,,477,SSP119,,2016,2050,0.49531681077071416,0.00034685196078431383
953,AIS,,477,SSP119,,2051,2100,0.396233096485,0.0022171530612244894
954,AIS,,478,SSP119,,2016,2050,0.4003996679135714,0.0002706720588235294
955,AIS,,478,SSP119,,2051,2100,0.32146109648499993,0.000848026870748299
956,AIS,,479,SSP119,,2016,2050,0.4328253821992856,0.00015173848039215688
957,AIS,,479,SSP119,,2051,2100,0.43071509648499995,0.00132218775510204
958,AIS,,480,SSP119,,2016,2050,0.5156768107707143,0.0002632605392156863
959,AIS,,480,SSP119,,2051,2100,0.48817309648499996,0.0009170105442176865
960,AIS,,481,SSP119,,2016,2050,0.4828539536278571,0.00015634362745098045
961,AIS,,481,SSP119,,2051,2100,0.42487709648499994,0.0009154756802721081
962,AIS,,482,SSP119,,2016,2050,0.45727395362785705,0.0002500144607843137
963,AIS,,482,SSP119,,2051,2100,0.4429810964849999,0.0014067287414965982
964,AIS,,483,SSP119,,2016,2050,0.42411681077071417,-9.101151960784316e-05
965,AIS,,483,SSP119,,2051,2100,0.29520709648499993,0.00038304948979591823
966,AIS,,484,SSP119,,2016,2050,0.5040425250564285,0.00013057009803921568
967,AIS,,484,SSP119,,2051,2100,0.48780309648499987,0.0005363255102040816
968,AIS,,485,SSP119,,2016,2050,0.8068768107707142,0.00010382156862745099
969,AIS,,485,SSP119,,2051,2100,1.0686690964849999,0.0007027124149659862
970,AIS,,486,SSP119,,2016,2050,0.524708239342143,0.00013453872549019612
971,AIS,,486,SSP119,,2051,2100,0.46792909648499986,0.001269163945578231
972,AIS,,487,SSP119,,2016,2050,0.504713953627857,-1.1004656862745069e-05
973,AIS,,487,SSP119,,2051,2100,0.417309096485,-0.0004574090136054421
974,AIS,,488,SSP119,,2016,2050,0.7660225250564286,1.8924754901960784e-05
975,AIS,,488,SSP119,,2051,2100,0.8474310964849998,0.0005610608843537411
976,AIS,,489,SSP119,,2016,2050,0.4099282393421428,2.7337254901960812e-05
977,AIS,,489,SSP119,,2051,2100,0.3542530964849998,-0.0005759307823129249
978,AIS,,490,SSP119,,2016,2050,0.6515568107707141,0.000169609068627451
979,AIS,,490,SSP119,,2051,2100,0.8463850964849999,0.0002302221088435373
980,AIS,,491,SSP119,,2016,2050,0.5025168107707142,8.30563725490196e-06
981,AIS,,491,SSP119,,2051,2100,0.4282830964849999,-0.00011011394557823145
982,AIS,,492,SSP119,,2016,2050,0.7288025250564285,8.079534313725493e-05
983,AIS,,492,SSP119,,2051,2100,0.875047096485,0.0011998491496598637
984,AIS,,493,SSP119,,2016,2050,0.5200825250564285,8.061127450980393e-05
985,AIS,,493,SSP119,,2051,2100,0.4644910964849999,-0.00021895799319727888
986,AIS,,494,SSP119,,2016,2050,0.4598825250564285,7.768872549019611e-05
987,AIS,,494,SSP119,,2051,2100,0.3889210964849999,0.0008167119047619043
988,AIS,,495,SSP119,,2016,2050,0.6425082393421427,0.00028268602941176473
989,AIS,,495,SSP119,,2051,2100,0.728027096485,0.0018023418367346933
990,AIS,,496,SSP119,,2016,2050,0.5872768107707143,-4.0893627450980383e-05
991,AIS,,496,SSP119,,2051,2100,0.5749210964849998,0.0011045442176870744
992,AIS,,497,SSP119,,2016,2050,0.5026539536278569,0.00019077328431372554
993,AIS,,497,SSP119,,2051,2100,0.41324709648499985,0.0005811670068027204
994,AIS,,498,SSP119,,2016,2050,0.3730568107707142,0.0002977225490196078
995,AIS,,498,SSP119,,2051,2100,0.33747109648499996,0.0012181379251700677
996,AIS,,499,SSP119,,2016,2050,0.7092910964849998,0.00016060539215686278
997,AIS,,499,SSP119,,2051,2100,0.8421650964849999,0.0006272321428571427
998,AIS,,500,SSP119,,2016,2050,0.30855681077071423,1.2610294117646915e-06
999,AIS,,500,SSP119,,2051,2100,0.1641590964849999,0.0005931001700680273
